Rk,Name,Age,Tm,Lg,Position,W,L,W-L%,ERA,G,GS,GF,CG,SHO,SV,IP▼,H,R,ER,HR,BB,IBB,SO,HBP,BK,WP,BF,ERA+,FIP,WHIP,H9,HR9,BB9,SO9,SO/W
1,Logan Webb,26,SFG,NL,SP,11,13,0.458,3.25,33,33,0,2,1,0,216,201,83,78,20,31,0,194,5,0,1,850,128,3.16,1.074,8.4,0.8,1.3,8.1,6.26
2,Zac Gallen,27,ARI,NL,SP,17,9,0.654,3.47,34,34,0,1,1,0,210,188,87,81,22,47,0,220,5,1,8,846,125,3.26,1.119,8.1,0.9,2,9.4,4.68
3,Gerrit Cole,32,NYY,AL,SP,15,4,0.789,2.63,33,33,0,2,2,0,209,157,64,61,20,48,0,222,7,1,4,821,165,3.16,0.981,6.8,0.9,2.1,9.6,4.63
4,Miles Mikolas,34,STL,NL,SP,9,13,0.409,4.78,35,35,0,0,0,0,201.1,226,110,107,26,39,0,137,8,0,4,860,93,4.27,1.316,10.1,1.2,1.7,6.1,3.51
5,Chris Bassitt,34,TOR,AL,SP,16,8,0.667,3.6,33,33,0,1,1,0,200,176,88,80,28,59,2,186,12,3,4,826,118,4.28,1.175,7.9,1.3,2.7,8.4,3.15
6,Framber Valdez*,29,HOU,AL,SP,12,11,0.522,3.45,31,31,0,2,2,0,198,166,86,76,19,57,0,200,10,0,6,808,122,3.5,1.126,7.5,0.9,2.6,9.1,3.51
7,Luis Castillo,30,SEA,AL,SP,14,9,0.609,3.34,33,33,0,0,0,0,197,160,81,73,28,56,0,219,5,0,3,802,120,3.81,1.096,7.3,1.3,2.6,10,3.91
8,Mitch Keller,27,PIT,NL,SP,13,9,0.591,4.21,32,32,0,1,1,0,194.1,187,97,91,25,55,0,210,12,1,5,825,105,3.8,1.245,8.7,1.2,2.5,9.7,3.82
9,Pablo López,27,MIN,AL,SP,11,8,0.579,3.66,32,32,0,1,1,0,194,176,81,79,24,48,1,234,9,0,7,801,118,3.33,1.155,8.2,1.1,2.2,10.9,4.88
10,Corbin Burnes,28,MIL,NL,SP,10,8,0.556,3.39,32,32,0,0,0,0,193.2,141,77,73,22,66,0,200,8,1,10,784,128,3.81,1.069,6.6,1,3.1,9.3,3.03
11,Aaron Nola,30,PHI,NL,SP,12,9,0.571,4.46,32,32,0,0,0,0,193.2,178,105,96,32,45,0,202,1,0,2,793,96,4.03,1.151,8.3,1.5,2.1,9.4,4.49
12,Kyle Gibson,35,BAL,AL,SP,15,9,0.625,4.73,33,33,0,0,0,0,192,198,101,101,23,55,0,157,6,0,8,807,86,4.13,1.318,9.3,1.1,2.6,7.4,2.85
13,Zack Wheeler,33,PHI,NL,SP,13,6,0.684,3.61,32,32,0,0,0,0,192,168,82,77,20,39,0,212,9,0,1,787,119,3.15,1.078,7.9,0.9,1.8,9.9,5.44
14,Logan Gilbert,26,SEA,AL,SP,13,7,0.65,3.73,32,32,0,1,1,0,190.2,169,82,79,29,36,1,189,2,0,6,770,107,3.85,1.075,8,1.4,1.7,8.9,5.25
15,George Kirby,25,SEA,AL,SP,13,10,0.565,3.35,31,31,0,1,0,0,190.2,179,74,71,22,19,1,172,6,0,1,757,119,3.34,1.038,8.4,1,0.9,8.1,9.05
16,José Berríos,29,TOR,AL,SP,11,12,0.478,3.65,32,32,0,0,0,0,189.2,173,82,77,25,52,3,184,9,1,4,782,116,3.99,1.186,8.2,1.2,2.5,8.7,3.54
17,Jordan Montgomery*,30,TOT,MLB,SP,10,11,0.476,3.2,32,32,0,0,0,0,188.2,177,75,67,18,48,0,166,4,0,6,777,137,3.56,1.193,8.4,0.9,2.3,7.9,3.46
18,Spencer Strider,24,ATL,NL,SP,20,5,0.8,3.86,32,32,0,0,0,0,186.2,146,85,80,22,58,1,281,9,2,6,763,114,2.85,1.093,7,1.1,2.8,13.5,4.84
19,Kevin Gausman,32,TOR,AL,SP,12,9,0.571,3.16,31,31,0,0,0,0,185,163,72,65,19,55,0,237,3,2,3,763,134,2.97,1.178,7.9,0.9,2.7,11.5,4.31
20,Sandy Alcántara,27,MIA,NL,SP,7,12,0.368,4.14,28,28,0,3,1,0,184.2,176,91,85,22,48,0,151,5,1,4,762,112,4.03,1.213,8.6,1.1,2.3,7.4,3.15
21,Lucas Giolito,28,TOT,AL,SP,8,15,0.348,4.88,33,33,0,0,0,0,184.1,169,110,100,41,73,2,204,9,0,5,794,91,5.27,1.313,8.3,2,3.6,10,2.79
22,Sonny Gray,33,MIN,AL,SP,8,8,0.5,2.79,32,32,0,0,0,0,184,156,59,57,8,55,0,183,6,1,6,754,155,2.83,1.147,7.6,0.4,2.7,9,3.33
23,Lance Lynn,36,TOT,MLB,SP,13,11,0.542,5.73,32,32,0,0,0,0,183.2,189,127,117,44,67,1,191,9,0,3,808,77,5.53,1.394,9.3,2.2,3.3,9.4,2.85
24,Patrick Corbin*,33,WSN,NL,SP,10,15,0.4,5.2,32,32,0,0,0,0,180,210,113,104,33,57,0,124,4,0,6,790,81,5.28,1.483,10.5,1.7,2.9,6.2,2.18
25,Blake Snell*,30,SDP,NL,SP,14,9,0.609,2.25,32,32,0,0,0,0,180,115,47,45,15,99,0,234,3,2,13,742,187,3.44,1.189,5.8,0.8,5,11.7,2.36
27,Jesús Luzardo*,25,MIA,NL,SP,10,10,0.5,3.58,32,32,0,0,0,0,178.2,162,79,71,22,55,1,208,6,1,7,741,130,3.55,1.215,8.2,1.1,2.8,10.5,3.78
28,Zach Eflin,29,TBR,AL,SP,16,8,0.667,3.5,31,31,0,0,0,0,177.2,158,69,69,19,24,1,186,3,0,0,703,118,3.01,1.024,8,1,1.2,9.4,7.75
29,Merrill Kelly,34,ARI,NL,SP,12,8,0.6,3.29,30,30,0,0,0,0,177.2,143,71,65,20,69,0,187,4,4,3,722,132,3.85,1.193,7.2,1,3.5,9.5,2.71
30,Jordan Lyles,32,KCR,AL,SP,6,17,0.261,6.28,31,31,0,3,0,0,177.2,176,130,124,39,45,0,120,6,0,10,748,72,5.62,1.244,8.9,2,2.3,6.1,2.67
31,Johan Oviedo,25,PIT,NL,SP,9,14,0.391,4.31,32,32,0,1,1,0,177.2,161,91,85,19,83,1,158,13,3,7,781,103,4.49,1.373,8.2,1,4.2,8,1.9
32,Dylan Cease,27,CHW,AL,SP,7,9,0.438,4.58,33,33,0,0,0,0,177,172,98,90,19,79,3,214,9,0,14,784,97,3.72,1.418,8.7,1,4,10.9,2.71
33,Bryce Elder,24,ATL,NL,SP,12,4,0.75,3.81,31,31,0,0,0,0,174.2,160,79,74,19,63,0,128,8,1,11,732,115,4.42,1.277,8.2,1,3.2,6.6,2.03
34,Justin Steele*,27,CHC,NL,SP,16,5,0.762,3.06,30,30,0,0,0,0,173.1,167,71,59,14,36,0,176,7,1,9,716,143,3.02,1.171,8.7,0.7,1.9,9.1,4.89
35,Dane Dunning,28,TEX,AL,SP,12,7,0.632,3.7,35,26,2,0,0,0,172.2,163,73,71,20,55,0,140,10,0,6,722,115,4.27,1.263,8.5,1,2.9,7.3,2.55
36,Dean Kremer,27,BAL,AL,SP,13,5,0.722,4.12,32,32,0,0,0,0,172.2,171,85,79,27,55,0,157,5,0,5,735,99,4.51,1.309,8.9,1.4,2.9,8.2,2.85
37,Taijuan Walker,30,PHI,NL,SP,15,6,0.714,4.38,31,31,0,0,0,0,172.2,155,87,84,20,71,1,138,8,1,3,733,98,4.53,1.309,8.1,1,3.7,7.2,1.94
38,JP Sears*,27,OAK,AL,SP,5,14,0.263,4.54,32,32,0,0,0,0,172.1,165,90,87,34,53,2,161,16,0,2,735,93,5.15,1.265,8.6,1.8,2.8,8.4,3.04
39,Kyle Bradish,26,BAL,AL,SP,12,7,0.632,2.83,30,30,0,0,0,0,168.2,132,54,53,14,44,0,168,8,0,9,671,144,3.27,1.043,7,0.7,2.3,9,3.82
40,Yusei Kikuchi*,32,TOR,AL,SP,11,6,0.647,3.86,32,32,0,0,0,0,167.2,165,78,72,27,48,0,181,4,0,7,700,110,4.12,1.27,8.9,1.4,2.6,9.7,3.77
41,Kodai Senga,30,NYM,NL,SP,12,7,0.632,2.98,29,29,0,0,0,0,166.1,126,60,55,17,77,0,202,5,1,14,694,140,3.63,1.22,6.8,0.9,4.2,10.9,2.62
42,Freddy Peralta,27,MIL,NL,SP,12,10,0.545,3.86,30,30,0,0,0,0,165.2,131,77,71,26,54,0,210,6,1,6,680,113,3.85,1.117,7.1,1.4,2.9,11.4,3.89
43,Charlie Morton,39,ATL,NL,SP,14,12,0.538,3.64,30,30,0,0,0,0,163.1,150,70,66,14,83,2,183,12,2,4,716,121,3.87,1.427,8.3,0.8,4.6,10.1,2.2
44,Justin Verlander,40,TOT,MLB,SP,13,8,0.619,3.22,27,27,0,0,0,0,162.1,139,63,58,18,45,0,144,5,0,5,669,130,3.85,1.133,7.7,1,2.5,8,3.2
45,Cristian Javier,26,HOU,AL,SP,10,5,0.667,4.56,31,31,0,0,0,0,162,143,85,82,25,62,0,159,7,0,4,687,92,4.58,1.265,7.9,1.4,3.4,8.8,2.56
46,Joe Ryan,27,MIN,AL,SP,11,10,0.524,4.51,29,29,0,1,1,0,161.2,155,83,81,32,34,0,197,6,0,3,672,96,4.13,1.169,8.6,1.8,1.9,11,5.79
47,Braxton Garrett*,25,MIA,NL,SP,9,7,0.563,3.66,31,30,1,0,0,0,159.2,154,68,65,20,29,0,156,11,0,4,659,127,3.68,1.146,8.7,1.1,1.6,8.8,5.38
48,Brady Singer,26,KCR,AL,SP,8,11,0.421,5.52,29,29,0,0,0,0,159.2,182,102,98,20,49,0,133,8,0,3,702,82,4.29,1.447,10.3,1.1,2.8,7.5,2.71
49,Josiah Gray,25,WSN,NL,SP,8,13,0.381,3.91,30,30,0,0,0,0,159,152,72,69,22,80,1,143,9,0,9,698,108,4.93,1.459,8.6,1.2,4.5,8.1,1.79
50,Clarke Schmidt,27,NYY,AL,SP,9,9,0.5,4.64,33,32,1,0,0,0,159,169,91,82,24,46,0,149,11,2,11,694,93,4.42,1.352,9.6,1.4,2.6,8.4,3.24
51,Jon Gray,31,TEX,AL,SP,9,8,0.529,4.12,29,29,0,1,0,0,157.1,149,75,72,22,54,1,142,9,0,4,656,103,4.47,1.29,8.5,1.3,3.1,8.1,2.63
52,Brayan Bello,24,BOS,AL,SP,12,11,0.522,4.24,28,28,0,0,0,0,157,165,77,74,24,45,0,132,6,0,1,668,107,4.54,1.338,9.5,1.4,2.6,7.6,2.93
53,Hunter Brown,24,HOU,AL,SP,11,13,0.458,5.09,31,29,1,0,0,0,155.2,157,94,88,26,55,0,178,9,0,4,665,83,4.37,1.362,9.1,1.5,3.2,10.3,3.24
54,Kyle Freeland*,30,COL,NL,SP,6,14,0.3,5.03,29,29,0,0,0,0,155.2,187,96,87,29,42,0,94,1,0,2,677,98,5.3,1.471,10.8,1.7,2.4,5.4,2.24
55,Jameson Taillon,31,CHC,NL,SP,8,10,0.444,4.84,30,29,1,0,0,1,154.1,156,96,83,27,41,0,140,5,0,2,655,91,4.61,1.276,9.1,1.6,2.4,8.2,3.41
56,Michael Lorenzen,31,TOT,MLB,SP,9,9,0.5,4.18,29,25,2,1,1,1,153,138,76,71,20,47,0,111,2,1,4,624,104,4.46,1.209,8.1,1.2,2.8,6.5,2.36
57,Eduardo Rodríguez*,30,DET,AL,SP,13,9,0.591,3.3,26,26,0,0,0,0,152.2,128,59,56,15,48,0,143,3,0,3,621,133,3.66,1.153,7.5,0.9,2.8,8.4,2.98
58,Max Scherzer,38,TOT,MLB,SP,13,6,0.684,3.77,27,27,0,0,0,0,152.2,126,65,64,28,45,0,174,4,0,2,621,111,4.32,1.12,7.4,1.7,2.7,10.3,3.87
59,Alex Cobb,35,SFG,NL,SP,7,7,0.5,3.87,28,28,0,2,1,0,151.1,163,69,65,19,37,0,131,6,5,7,646,108,4.01,1.322,9.7,1.1,2.2,7.8,3.54
60,Reid Detmers*,23,LAA,AL,SP,4,10,0.286,4.48,28,28,0,0,0,0,148.2,141,81,74,19,60,2,168,13,0,7,644,100,4.13,1.352,8.5,1.2,3.6,10.2,2.8
61,Andrew Heaney*,32,TEX,AL,SP,10,6,0.625,4.15,34,28,1,0,0,0,147.1,143,74,68,23,60,0,151,10,0,3,641,102,4.66,1.378,8.7,1.4,3.7,9.2,2.52
62,Rich Hill*,43,TOT,NL,SP,8,14,0.364,5.41,32,27,3,0,0,0,146.1,165,98,88,23,58,0,129,7,1,2,660,81,4.87,1.524,10.1,1.4,3.6,7.9,2.22
63,Seth Lugo,33,SDP,NL,SP,8,7,0.533,3.57,26,26,0,0,0,0,146.1,140,62,58,19,36,0,140,3,0,3,604,118,3.83,1.203,8.6,1.2,2.2,8.6,3.89
64,Graham Ashcraft,25,CIN,NL,SP,7,9,0.438,4.76,26,26,0,0,0,0,145.2,148,78,77,23,52,0,111,10,1,3,624,96,5.06,1.373,9.1,1.4,3.2,6.9,2.13
65,Patrick Sandoval*,26,LAA,AL,SP,7,13,0.35,4.11,28,28,0,0,0,0,144.2,145,89,66,12,74,2,128,4,0,5,652,109,4.18,1.514,9,0.7,4.6,8,1.73
66,Jack Flaherty,27,TOT,MLB,SP,8,9,0.471,4.99,29,27,0,0,0,0,144.1,162,83,80,17,66,2,148,12,0,8,650,87,4.36,1.58,10.1,1.1,4.1,9.2,2.24
67,Bailey Ober,27,MIN,AL,SP,8,6,0.571,3.43,26,26,0,0,0,0,144.1,125,58,55,22,29,0,146,7,0,1,577,126,3.96,1.067,7.8,1.4,1.8,9.1,5.03
68,Trevor Williams,31,WSN,NL,SP,6,10,0.375,5.55,30,30,0,0,0,0,144.1,178,97,89,34,53,1,111,5,2,0,659,76,5.98,1.6,11.1,2.1,3.3,6.9,2.09
69,Nathan Eovaldi,33,TEX,AL,SP,12,5,0.706,3.63,25,25,0,2,1,0,144,117,59,58,15,47,0,132,6,0,2,577,117,3.88,1.139,7.3,0.9,2.9,8.3,2.81
70,Ryne Nelson,25,ARI,NL,SP,8,8,0.5,5.31,29,27,1,0,0,0,144,159,87,85,24,46,0,96,1,1,6,619,82,5.07,1.424,9.9,1.5,2.9,6,2.09
71,Nick Pivetta,30,BOS,AL,SP,10,9,0.526,4.04,38,16,3,0,0,1,142.2,110,69,64,23,50,1,183,6,1,5,587,113,3.96,1.121,6.9,1.5,3.2,11.5,3.66
72,Zack Greinke,39,KCR,AL,SP,2,15,0.118,5.06,30,27,0,0,0,0,142.1,158,82,80,25,23,0,97,4,1,2,593,89,4.74,1.272,10,1.6,1.5,6.1,4.22
73,Drew Smyly*,34,CHC,NL,SP,11,11,0.5,5,41,23,4,0,0,0,142.1,147,89,79,26,56,0,141,6,1,9,626,88,4.96,1.426,9.3,1.6,3.5,8.9,2.52
74,Tanner Bibee,24,CLE,AL,SP,10,4,0.714,2.98,25,25,0,0,0,0,142,122,49,47,13,45,0,141,5,2,7,585,144,3.52,1.176,7.7,0.8,2.9,8.9,3.13
75,Martín Pérez*,32,TEX,AL,SP,10,4,0.714,4.45,35,20,3,0,0,0,141.2,150,74,70,21,49,1,93,4,3,2,608,96,4.99,1.405,9.5,1.3,3.1,5.9,1.9
76,Tyler Anderson*,33,LAA,AL,SP,6,6,0.5,5.43,27,25,0,0,0,0,141,146,90,85,20,64,1,119,7,2,6,629,82,4.92,1.489,9.3,1.3,4.1,7.6,1.86
77,Ken Waldichuk*,25,OAK,AL,SP,4,9,0.308,5.36,35,22,2,0,0,1,141,149,93,84,24,71,1,132,9,1,7,639,78,5.3,1.56,9.5,1.5,4.5,8.4,1.86
78,Austin Gomber*,29,COL,NL,SP,9,9,0.5,5.5,27,27,0,0,0,0,139,164,88,85,26,43,1,87,3,0,5,603,89,5.43,1.489,10.6,1.7,2.8,5.6,2.02
79,Kyle Hendricks,33,CHC,NL,SP,6,8,0.429,3.74,24,24,0,0,0,0,137,138,68,57,13,27,0,93,4,0,0,578,117,3.81,1.204,9.1,0.9,1.8,6.1,3.44
80,Marcus Stroman,32,CHC,NL,SP,10,9,0.526,3.95,27,25,1,1,1,0,136.2,120,68,60,9,52,0,119,3,0,3,575,111,3.58,1.259,7.9,0.6,3.4,7.8,2.29
81,Yu Darvish,36,SDP,NL,SP,8,10,0.444,4.56,24,24,0,0,0,0,136.1,134,71,69,18,43,0,141,8,1,1,574,93,4.03,1.298,8.8,1.2,2.8,9.3,3.28
82,J.P. France,28,HOU,AL,SP,11,6,0.647,3.83,24,23,0,0,0,0,136.1,138,64,58,19,47,0,101,2,0,6,581,110,4.66,1.357,9.1,1.3,3.1,6.7,2.15
83,MacKenzie Gore*,24,WSN,NL,SP,7,10,0.412,4.42,27,27,0,0,0,0,136.1,134,71,67,27,57,0,151,1,0,6,582,95,4.89,1.401,8.8,1.8,3.8,10,2.65
84,Michael Wacha,31,SDP,NL,SP,14,4,0.778,3.22,24,24,0,0,0,0,134.1,113,49,48,15,43,0,124,3,1,3,553,131,3.89,1.161,7.6,1,2.9,8.3,2.88
85,Shohei Ohtani,28,LAA,AL,SP,10,5,0.667,3.14,23,23,0,1,1,0,132,85,50,46,18,55,0,167,11,0,12,531,142,4,1.061,5.8,1.2,3.8,11.4,3.04
86,Clayton Kershaw*,35,LAD,NL,SP,13,5,0.722,2.46,24,24,0,0,0,0,131.2,100,39,36,19,40,0,137,3,2,6,523,177,4.03,1.063,6.8,1.3,2.7,9.4,3.43
87,Mike Clevinger,32,CHW,AL,SP,9,9,0.5,3.77,24,24,0,2,0,0,131.1,121,56,55,16,40,0,110,9,0,6,549,117,4.28,1.226,8.3,1.1,2.7,7.5,2.75
88,Bryce Miller,24,SEA,AL,SP,8,7,0.533,4.32,25,25,0,0,0,0,131.1,124,64,63,18,26,0,119,7,0,2,537,92,3.98,1.142,8.5,1.2,1.8,8.2,4.58
89,Kutter Crawford,27,BOS,AL,SP,6,8,0.429,4.04,31,23,5,0,0,0,129.1,107,59,58,17,36,0,135,5,0,4,527,113,3.83,1.106,7.4,1.2,2.5,9.4,3.75
90,Michael Kopech,27,CHW,AL,SP,5,12,0.294,5.43,30,27,2,0,0,0,129.1,115,80,78,29,91,0,134,11,0,9,591,81,6.46,1.593,8,2,6.3,9.3,1.47
91,Shane Bieber,28,CLE,AL,SP,6,6,0.5,3.8,21,21,0,1,0,0,128,124,56,54,14,34,0,107,3,1,8,533,113,3.87,1.234,8.7,1,2.4,7.5,3.15
92,Griffin Canning,27,LAA,AL,SP,7,8,0.467,4.32,24,22,0,0,0,0,127,121,62,61,22,36,1,139,5,0,4,536,103,4.29,1.236,8.6,1.6,2.6,9.9,3.86
93,Tylor Megill,27,NYM,NL,SP,9,8,0.529,4.7,25,25,0,0,0,0,126.1,141,76,66,18,58,0,105,6,0,8,567,89,4.96,1.575,10,1.3,4.1,7.5,1.81
94,Logan Allen*,24,CLE,AL,SP,7,8,0.467,3.81,24,24,0,0,0,0,125.1,127,55,53,16,48,0,119,1,0,1,537,113,4.19,1.396,9.1,1.1,3.4,8.5,2.48
95,Ranger Suárez*,27,PHI,NL,SP,4,6,0.4,4.18,22,22,0,0,0,0,125,129,59,58,13,48,0,119,2,0,4,540,103,3.9,1.416,9.3,0.9,3.5,8.6,2.48
96,Colin Rea,32,MIL,NL,SP,6,6,0.5,4.55,26,22,1,0,0,0,124.2,110,65,63,23,38,0,110,4,1,2,517,96,4.9,1.187,7.9,1.7,2.7,7.9,2.89
97,Bobby Miller,24,LAD,NL,SP,11,4,0.733,3.76,22,22,0,0,0,0,124.1,105,53,52,12,32,0,119,6,0,10,505,116,3.51,1.102,7.6,0.9,2.3,8.6,3.72
98,Luke Weaver,29,TOT,MLB,SP,3,6,0.333,6.4,29,25,1,0,0,0,123.2,155,90,88,29,40,0,109,4,0,3,563,70,5.61,1.577,11.3,2.1,2.9,7.9,2.73
99,Aaron Civale,28,TOT,AL,SP,7,5,0.583,3.46,23,23,0,0,0,0,122.1,109,47,47,12,33,0,116,5,0,5,504,123,3.57,1.161,8,0.9,2.4,8.5,3.52
100,Grayson Rodriguez,23,BAL,AL,SP,7,4,0.636,4.35,23,23,0,0,0,0,122,121,62,59,16,42,0,129,2,0,4,515,94,3.93,1.336,8.9,1.2,3.1,9.5,3.07
101,Jake Irvin,26,WSN,NL,SP,3,7,0.3,4.61,24,24,0,0,0,0,121,118,66,62,20,54,0,99,8,1,2,530,92,5.3,1.421,8.8,1.5,4,7.4,1.83
102,Wade Miley*,36,MIL,NL,SP,9,4,0.692,3.14,23,23,0,0,0,0,120.1,99,44,42,16,38,0,79,3,0,2,490,139,4.69,1.139,7.4,1.2,2.8,5.9,2.08
103,Tyler Glasnow,29,TBR,AL,SP,10,7,0.588,3.53,21,21,0,0,0,0,120,93,52,47,13,37,0,162,1,0,11,485,117,2.91,1.083,7,1,2.8,12.2,4.38
104,Tyler Wells,28,BAL,AL,SP,7,6,0.538,3.64,25,20,2,0,0,1,118.2,83,50,48,25,34,0,117,4,2,3,470,112,4.98,0.986,6.3,1.9,2.6,8.9,3.44
105,Sean Manaea*,31,SFG,NL,SP,7,6,0.538,4.44,37,10,2,0,0,1,117.2,104,68,58,14,42,0,128,8,0,3,499,94,3.9,1.241,8,1.1,3.2,9.8,3.05
106,Julio Urías*,26,LAD,NL,SP,11,8,0.579,4.6,21,21,0,0,0,0,117.1,112,61,60,24,24,0,117,6,1,2,482,95,4.69,1.159,8.6,1.8,1.8,9,4.88
107,Brandon Williamson*,25,CIN,NL,SP,5,5,0.5,4.46,23,23,0,0,0,0,117,111,63,58,18,39,0,98,2,2,4,491,102,4.63,1.282,8.5,1.4,3,7.5,2.51
108,Shane McClanahan*,26,TBR,AL,SP,11,2,0.846,3.29,21,21,0,0,0,0,115,95,42,42,15,41,0,121,0,0,1,469,125,3.92,1.183,7.4,1.2,3.2,9.5,2.95
109,Hunter Greene,23,CIN,NL,SP,4,7,0.364,4.82,22,22,0,0,0,0,112,111,65,60,19,48,0,152,8,0,5,498,95,4.25,1.42,8.9,1.5,3.9,12.2,3.17
110,Adrian Houser,30,MIL,NL,SP,8,5,0.615,4.12,23,21,1,0,0,0,111.1,121,56,51,13,34,0,96,1,0,2,481,106,3.99,1.392,9.8,1.1,2.7,7.8,2.82
111,David Peterson*,27,NYM,NL,SP,3,8,0.273,5.03,27,21,0,1,0,0,111,124,64,62,16,50,0,128,6,0,6,492,83,4.34,1.568,10.1,1.3,4.1,10.4,2.56
112,Nick Martinez,32,SDP,NL,SP,6,4,0.6,3.43,63,9,6,0,0,1,110.1,99,45,42,12,40,1,106,3,0,3,461,123,3.92,1.26,8.1,1,3.3,8.6,2.65
113,Luis Medina,24,OAK,AL,SP,3,10,0.231,5.42,23,17,0,0,0,0,109.2,109,73,66,14,57,2,106,8,2,11,495,78,4.76,1.514,8.9,1.1,4.7,8.7,1.86
114,Andrew Abbott*,24,CIN,NL,SP,8,6,0.571,3.87,21,21,0,0,0,0,109.1,100,47,47,16,44,0,120,1,1,1,459,118,4.2,1.317,8.2,1.3,3.6,9.9,2.73
115,Javier Assad,25,CHC,NL,SP,5,3,0.625,3.05,32,10,9,0,0,0,109.1,93,38,37,13,41,1,94,3,1,3,449,144,4.29,1.226,7.7,1.1,3.4,7.7,2.29
116,Domingo Germán,30,NYY,AL,SP,5,7,0.417,4.56,20,19,1,1,1,0,108.2,83,61,55,20,34,0,114,6,0,2,444,95,4.65,1.077,6.9,1.7,2.8,9.4,3.35
117,Tanner Houck,27,BOS,AL,SP,6,10,0.375,5.01,21,21,0,0,0,0,106,104,61,59,14,41,0,99,6,0,1,463,91,4.43,1.368,8.8,1.2,3.5,8.4,2.41
118,Joey Wentz*,25,DET,AL,SP,3,13,0.188,6.9,25,19,0,0,0,0,105.2,131,87,81,25,47,0,98,0,2,2,492,63,5.81,1.685,11.2,2.1,4,8.3,2.09
119,Steven Matz*,32,STL,NL,SP,4,7,0.364,3.86,25,17,2,0,0,0,105,108,48,45,11,32,0,98,3,2,2,449,115,3.75,1.333,9.3,0.9,2.7,8.4,3.06
120,Taj Bradley,22,TBR,AL,SP,5,8,0.385,5.59,23,21,0,0,0,0,104.2,106,69,65,23,39,0,129,1,0,6,460,74,4.79,1.385,9.1,2,3.4,11.1,3.31
121,Michael King,28,NYY,AL,RP,4,8,0.333,2.75,49,9,10,0,0,6,104.2,88,35,32,10,32,1,127,5,1,2,431,158,3.13,1.146,7.6,0.9,2.8,10.9,3.97
122,Kenta Maeda,35,MIN,AL,SP,6,8,0.429,4.23,21,20,0,0,0,0,104.1,94,50,49,17,28,0,117,3,0,2,428,103,4.02,1.169,8.1,1.5,2.4,10.1,4.18
123,Paul Blackburn,29,OAK,AL,SP,4,7,0.364,4.43,21,20,0,0,0,0,103.2,117,54,51,11,43,1,104,3,0,1,464,95,3.96,1.543,10.2,1,3.7,9,2.42
124,Reese Olson,23,DET,AL,SP,5,7,0.417,3.99,21,18,0,0,0,0,103.2,83,49,46,14,33,0,103,1,1,4,422,110,4.01,1.119,7.2,1.2,2.9,8.9,3.12
125,Tony Gonsolin,29,LAD,NL,SP,8,5,0.615,4.98,20,20,0,0,0,0,103,86,61,57,19,40,1,82,7,0,2,435,87,5.43,1.223,7.5,1.7,3.5,7.2,2.05
126,Chris Sale*,34,BOS,AL,SP,6,5,0.545,4.3,20,20,0,0,0,0,102.2,87,52,49,15,29,0,125,8,0,3,425,106,3.8,1.13,7.6,1.3,2.5,11,4.31
127,Chris Flexen,28,TOT,MLB,RP,2,8,0.2,6.86,29,16,9,0,0,0,102.1,133,81,78,25,38,0,74,4,0,6,466,66,6.22,1.671,11.7,2.2,3.3,6.5,1.95
128,Adam Wainwright,41,STL,NL,SP,5,11,0.313,7.4,21,21,0,0,0,0,101,151,89,83,20,41,0,55,1,0,1,484,60,5.99,1.901,13.5,1.8,3.7,4.9,1.34
129,Edward Cabrera,25,MIA,NL,SP,7,7,0.5,4.24,22,20,0,0,0,0,99.2,78,48,47,11,66,0,118,4,3,1,434,110,4.43,1.445,7,1,6,10.7,1.79
130,Anthony DeSclafani,33,SFG,NL,SP,4,8,0.333,4.88,19,18,0,0,0,0,99.2,105,59,54,15,20,0,79,4,0,3,419,86,4.35,1.254,9.5,1.4,1.8,7.1,3.95
131,Cal Quantrill,28,CLE,AL,SP,4,7,0.364,5.24,19,19,0,0,0,0,99.2,111,59,58,11,35,0,58,7,0,6,444,82,4.79,1.465,10,1,3.2,5.2,1.66
132,Cristopher Sánchez*,26,PHI,NL,SP,3,5,0.375,3.44,19,18,1,0,0,0,99.1,88,44,38,16,16,0,96,3,0,3,396,125,3.99,1.047,8,1.4,1.4,8.7,6
133,Alex Wood*,32,SFG,NL,SP,5,5,0.5,4.33,29,12,2,0,0,0,97.2,98,52,47,9,42,0,74,8,2,3,429,97,4.47,1.433,9,0.8,3.9,6.8,1.76
134,Joe Musgrove,30,SDP,NL,SP,10,3,0.769,3.05,17,17,0,0,0,0,97.1,90,35,33,10,21,1,97,9,1,2,399,138,3.52,1.14,8.3,0.9,1.9,9,4.62
135,James Paxton*,34,BOS,AL,SP,7,5,0.583,4.5,19,19,0,0,0,0,96,93,51,48,18,33,0,101,2,0,5,411,101,4.68,1.313,8.7,1.7,3.1,9.5,3.06
136,Brandon Pfaadt,24,ARI,NL,SP,3,9,0.25,5.72,19,18,1,0,0,0,96,109,63,61,22,26,0,94,3,0,0,421,76,5.18,1.406,10.2,2.1,2.4,8.8,3.62
137,Cole Ragans*,25,TOT,AL,SP,7,5,0.583,3.47,29,12,1,0,0,0,96,70,40,37,7,41,1,113,2,0,6,392,129,3.19,1.156,6.6,0.7,3.8,10.6,2.76
138,Xzavion Curry,24,CLE,AL,RP,3,4,0.429,4.07,41,9,19,0,0,0,95,98,47,43,12,30,1,67,2,2,3,404,105,4.5,1.347,9.3,1.1,2.8,6.3,2.23
139,Eury Pérez,20,MIA,NL,SP,5,6,0.455,3.15,19,19,0,0,0,0,91.1,72,35,32,15,31,0,108,2,1,6,374,148,4.11,1.128,7.1,1.5,3.1,10.6,3.48
140,Jhony Brito,25,NYY,AL,SP,9,7,0.563,4.28,25,13,1,0,0,1,90.1,82,47,43,14,28,0,72,4,1,0,372,101,4.74,1.218,8.2,1.4,2.8,7.2,2.57
141,Carlos Carrasco,36,NYM,NL,SP,3,8,0.273,6.8,20,20,0,0,0,0,90,115,71,68,18,38,0,66,6,1,3,417,61,5.86,1.7,11.5,1.8,3.8,6.6,1.74
142,Zack Littell,27,TOT,AL,RP,3,6,0.333,4.1,28,14,7,0,0,0,90,94,43,41,13,12,1,74,4,0,4,379,101,4.02,1.178,9.4,1.3,1.2,7.4,6.17
143,Ryan Yarbrough*,31,TOT,MLB,SP,8,7,0.533,4.52,25,9,6,0,0,2,89.2,96,45,45,13,14,0,67,8,0,1,377,99,4.38,1.227,9.6,1.3,1.4,6.7,4.79
144,Jake Bird,27,COL,NL,RP,3,3,0.5,4.33,70,3,8,0,0,0,89.1,94,47,43,6,27,0,77,7,0,2,381,114,3.55,1.354,9.5,0.6,2.7,7.8,2.85
145,Luis Severino,29,NYY,AL,RP,4,8,0.333,6.65,19,18,0,0,0,0,89.1,113,73,66,23,34,1,79,5,3,1,417,65,6.14,1.646,11.4,2.3,3.4,8,2.32
146,Hayden Wesneski,25,CHC,NL,RP,3,5,0.375,4.63,34,11,6,0,0,0,89.1,82,50,46,20,32,1,83,3,0,2,379,95,5.48,1.276,8.3,2,3.2,8.4,2.59
147,Tommy Henry*,25,ARI,NL,SP,5,4,0.556,4.15,17,16,0,0,0,0,89,86,42,41,12,35,2,64,4,0,1,381,105,4.88,1.36,8.7,1.2,3.5,6.5,1.83
148,Ross Stripling,33,SFG,NL,SP,0,5,0,5.36,22,11,5,0,0,0,89,104,54,53,20,16,0,70,2,1,2,381,78,5.21,1.348,10.5,2,1.6,7.1,4.38
149,Ben Lively,31,CIN,NL,RP,4,7,0.364,5.38,19,12,0,0,0,0,88.2,96,53,53,20,25,0,79,3,0,1,383,85,5.35,1.365,9.7,2,2.5,8,3.16
150,Noah Syndergaard,30,TOT,MLB,SP,2,6,0.25,6.5,18,18,0,0,0,0,88.2,104,65,64,22,19,0,56,10,0,0,391,67,6.2,1.387,10.6,2.2,1.9,5.7,2.95
151,Matt Strahm*,31,PHI,NL,RP,9,5,0.643,3.29,56,10,6,0,0,2,87.2,68,34,32,11,21,0,108,3,1,1,351,131,3.24,1.015,7,1.1,2.2,11.1,5.14
152,Bryan Woo,23,SEA,AL,SP,4,5,0.444,4.21,18,18,0,0,0,0,87.2,75,44,41,13,31,1,93,7,0,1,371,95,4.36,1.209,7.7,1.3,3.2,9.5,3
153,Peter Lambert,26,COL,NL,RP,3,7,0.3,5.36,25,11,1,0,0,0,87.1,93,54,52,18,28,0,71,5,0,1,375,92,5.44,1.385,9.6,1.9,2.9,7.3,2.54
154,Alek Manoah,25,TOR,AL,SP,3,9,0.25,5.87,19,19,0,0,0,0,87.1,93,61,57,15,59,1,79,9,3,3,415,72,6.01,1.74,9.6,1.5,6.1,8.1,1.34
155,Connor Seabold,27,COL,NL,RP,1,7,0.125,7.52,27,13,7,0,0,0,87.1,116,76,73,19,28,1,67,7,0,5,408,65,5.75,1.649,12,2,2.9,6.9,2.39
156,Touki Toussaint,27,TOT,AL,SP,4,7,0.364,4.97,20,16,2,0,0,0,87,69,48,48,10,57,0,85,7,1,3,384,89,5,1.448,7.1,1,5.9,8.8,1.49
157,Luis Ortiz,24,PIT,NL,SP,5,5,0.5,4.78,18,15,0,0,0,0,86.2,99,50,46,13,48,0,59,2,0,3,400,93,5.57,1.696,10.3,1.4,5,6.1,1.23
158,Chase Anderson,35,TOT,MLB,SP,1,6,0.143,5.42,19,17,2,0,0,1,86.1,90,53,52,17,33,0,64,7,0,1,372,90,5.72,1.425,9.4,1.8,3.4,6.7,1.94
159,Jakob Junis,30,SFG,NL,RP,4,3,0.571,3.87,40,4,6,0,0,1,86,90,42,37,12,21,1,96,5,0,5,367,108,3.74,1.291,9.4,1.3,2.2,10,4.57
160,Tyler Holton*,27,DET,AL,SP,3,2,0.6,2.11,59,1,7,0,0,1,85.1,56,21,20,9,18,1,74,1,0,4,324,208,3.56,0.867,5.9,0.9,1.9,7.8,4.11
161,Tristan Beck,27,SFG,NL,RP,3,3,0.5,3.92,33,3,13,0,0,2,85,83,40,37,10,21,2,68,2,0,3,354,107,4,1.224,8.8,1.1,2.2,7.2,3.24
162,Yonny Chirinos,29,TOT,MLB,SP,5,5,0.5,5.4,20,9,1,0,0,0,85,91,53,51,15,27,0,53,5,0,3,367,78,5.43,1.388,9.6,1.6,2.9,5.6,1.96
163,Jesse Scholtens,29,CHW,AL,RP,1,9,0.1,5.29,26,11,8,0,0,1,85,100,54,50,15,30,1,58,2,0,1,377,84,5.31,1.529,10.6,1.6,3.2,6.1,1.93
164,Josh Winckowski,25,BOS,AL,RP,4,4,0.5,2.88,60,1,8,0,0,3,84.1,89,34,27,9,31,2,82,3,0,2,367,158,3.91,1.423,9.5,1,3.3,8.8,2.65
165,Chris Stratton,32,TOT,MLB,RP,2,1,0.667,3.92,64,0,23,0,0,1,82.2,69,39,36,8,25,0,81,2,0,5,338,112,3.53,1.137,7.5,0.9,2.7,8.8,3.24
166,Jaime Barria,26,LAA,AL,RP,2,6,0.25,5.68,34,6,17,0,0,0,82.1,91,63,52,20,30,6,62,2,1,4,362,79,6.07,1.47,9.9,2.2,3.3,6.8,2.07
167,Zach Davies,30,ARI,NL,RP,2,5,0.286,7,18,18,0,0,0,0,82.1,98,67,64,10,39,0,72,2,0,0,377,62,4.58,1.664,10.7,1.1,4.3,7.9,1.85
168,Gavin Williams,23,CLE,AL,SP,3,5,0.375,3.29,16,16,0,0,0,0,82,66,32,30,8,37,1,81,4,0,3,345,131,4.05,1.256,7.2,0.9,4.1,8.9,2.19
169,Dakota Hudson,28,STL,NL,SP,6,3,0.667,4.98,18,12,1,0,0,0,81.1,88,46,45,9,34,0,45,6,0,5,354,89,5.06,1.5,9.7,1,3.8,5,1.32
170,Bailey Falter*,26,TOT,NL,SP,2,9,0.182,5.36,18,14,1,0,0,0,80.2,94,55,48,17,20,0,60,0,0,0,347,82,5.25,1.413,10.5,1.9,2.2,6.7,3
171,Tarik Skubal*,26,DET,AL,SP,7,3,0.7,2.8,15,15,0,0,0,0,80.1,58,28,25,4,14,0,102,3,0,1,310,157,2,0.896,6.5,0.4,1.6,11.4,7.29
172,Brandon Bielak,27,HOU,AL,RP,5,6,0.455,3.83,15,13,0,0,0,0,80,86,43,34,12,36,0,62,5,0,3,353,110,5.19,1.525,9.7,1.4,4.1,7,1.72
173,Michael Tonkin,33,ATL,NL,RP,7,3,0.7,4.28,45,0,11,0,0,1,80,64,41,38,13,23,1,75,2,1,2,325,103,4.43,1.088,7.2,1.5,2.6,8.4,3.26
174,Shintaro Fujinami,29,TOT,AL,RP,7,8,0.467,7.18,64,7,19,0,0,2,79,73,65,63,9,45,1,83,7,0,8,357,58,4.61,1.494,8.3,1,5.1,9.5,1.84
175,Ty Blach*,32,COL,NL,RP,3,3,0.5,5.54,20,13,2,0,0,0,78,104,51,48,15,24,0,50,6,0,1,352,89,5.63,1.641,12,1.7,2.8,5.8,2.08
176,Matt Manning,25,DET,AL,SP,5,4,0.556,3.58,15,15,0,0,0,0,78,60,37,31,11,21,0,50,5,0,0,316,123,4.81,1.038,6.9,1.3,2.4,5.8,2.38
177,Tanner Scott*,28,MIA,NL,RP,9,5,0.643,2.31,74,0,26,0,0,12,78,53,22,20,3,24,3,104,4,0,1,307,202,2.17,0.987,6.1,0.3,2.8,12,4.33
178,Max Fried*,29,ATL,NL,SP,8,1,0.889,2.55,14,14,0,1,1,0,77.2,70,24,22,7,18,0,80,2,0,3,311,173,3.14,1.133,8.1,0.8,2.1,9.3,4.44
179,Cole Irvin*,29,BAL,AL,SP,1,4,0.2,4.42,24,12,6,0,0,0,77.1,78,42,38,11,21,0,68,7,0,2,336,92,4.43,1.28,9.1,1.3,2.4,7.9,3.24
180,Kyle Muller*,25,OAK,AL,SP,1,5,0.167,7.6,21,13,1,0,0,0,77,112,65,65,16,39,1,56,3,1,3,372,55,6.14,1.961,13.1,1.9,4.6,6.5,1.44
181,Bryse Wilson,25,MIL,NL,RP,6,0,1,2.58,53,0,18,0,0,3,76.2,60,26,22,9,22,0,61,2,0,6,314,169,4.13,1.07,7,1.1,2.6,7.2,2.77
182,Ian Gibaut,29,CIN,NL,RP,8,4,0.667,3.33,74,0,15,0,0,3,75.2,69,33,28,8,28,4,69,4,0,0,318,137,4.07,1.282,8.2,1,3.3,8.2,2.46
183,Jose Quintana*,34,NYM,NL,SP,3,6,0.333,3.57,13,13,0,0,0,0,75.2,75,33,30,5,24,0,60,1,0,2,319,117,3.52,1.308,8.9,0.6,2.9,7.1,2.5
184,Buck Farmer,32,CIN,NL,RP,4,5,0.444,4.2,71,0,10,0,0,3,75,58,36,35,11,29,0,70,4,0,1,309,109,4.62,1.16,7,1.3,3.5,8.4,2.41
185,Justin Lawrence,28,COL,NL,RP,4,7,0.364,3.72,69,0,29,0,0,11,75,65,37,31,5,36,4,78,7,0,3,326,133,3.76,1.347,7.8,0.6,4.3,9.4,2.17
186,Alec Marsh,25,KCR,AL,RP,3,9,0.25,5.69,17,8,1,0,0,0,74.1,77,50,47,16,39,0,85,9,0,1,342,79,5.7,1.561,9.3,1.9,4.7,10.3,2.18
187,Tyler Rogers,32,SFG,NL,RP,4,5,0.444,3.04,68,0,8,0,0,2,74,66,27,25,7,19,2,60,3,0,0,309,138,3.76,1.149,8,0.9,2.3,7.3,3.16
188,Yennier Cano,29,BAL,AL,RP,1,4,0.2,2.11,72,0,20,0,0,8,72.2,60,19,17,4,13,2,65,3,1,2,283,194,2.84,1.005,7.4,0.5,1.6,8.1,5
189,Emmanuel Clase,25,CLE,AL,RP,3,9,0.25,3.22,75,0,65,0,0,44,72.2,68,37,26,4,16,2,64,1,1,5,302,134,2.91,1.156,8.4,0.5,2,7.9,4
190,Trevor Richards,30,TOR,AL,RP,2,1,0.667,4.95,56,3,6,0,0,0,72.2,63,41,40,13,35,3,105,2,0,5,315,86,4.22,1.349,7.8,1.6,4.3,13,3
191,Bryan Abreu,26,HOU,AL,RP,3,2,0.6,1.75,72,0,16,0,0,5,72,44,17,14,6,31,0,100,3,0,1,287,241,2.98,1.042,5.5,0.8,3.9,12.5,3.23
192,Julian Merryweather,31,CHC,NL,RP,5,1,0.833,3.38,69,0,15,0,0,2,72,58,28,27,8,36,0,98,1,0,3,303,131,3.52,1.306,7.3,1,4.5,12.3,2.72
193,Julio Teheran,32,MIL,NL,SP,3,5,0.375,4.4,14,11,1,0,0,0,71.2,68,36,35,13,13,0,50,4,2,1,288,99,4.93,1.13,8.5,1.6,1.6,6.3,3.85
194,Garrett Whitlock,27,BOS,AL,RP,5,5,0.5,5.15,22,10,3,0,0,1,71.2,82,43,41,13,13,0,72,3,0,2,304,89,4.27,1.326,10.3,1.6,1.6,9,5.54
195,Matthew Boyd*,32,DET,AL,RP,5,5,0.5,5.45,15,15,0,0,0,0,71,69,46,43,11,25,0,73,2,0,2,303,80,4.35,1.324,8.7,1.4,3.2,9.3,2.92
196,Matt Brash,25,SEA,AL,RP,9,4,0.692,3.06,78,0,7,0,0,4,70.2,65,26,24,3,29,0,107,6,0,11,308,131,2.26,1.33,8.3,0.4,3.7,13.6,3.69
197,Bryan Hoeing,26,MIA,NL,RP,2,3,0.4,5.48,33,7,11,0,0,0,70.2,71,45,43,13,25,2,53,2,0,1,304,85,5.29,1.358,9,1.7,3.2,6.8,2.12
198,Joel Payamps,29,MIL,NL,RP,7,5,0.583,2.55,69,0,10,0,0,3,70.2,57,24,20,8,17,1,77,5,2,2,287,171,3.48,1.047,7.3,1,2.2,9.8,4.53
199,Scott McGough,33,ARI,NL,RP,2,7,0.222,4.73,63,1,24,0,0,9,70.1,60,40,37,14,30,2,86,2,0,3,301,92,4.76,1.28,7.7,1.8,3.8,11,2.87
200,Carlos Hernández,26,KCR,AL,RP,1,10,0.091,5.27,67,4,15,0,0,4,70,62,43,41,10,31,1,77,1,2,5,300,86,4.28,1.329,8,1.3,4,9.9,2.48
201,Kyle Finnegan,31,WSN,NL,RP,7,5,0.583,3.76,67,0,46,0,0,28,69.1,66,33,29,11,24,1,63,1,0,0,288,112,4.58,1.298,8.6,1.4,3.1,8.2,2.63
202,Emilio Pagán,32,MIN,AL,RP,5,2,0.714,2.99,66,1,15,0,0,1,69.1,45,26,23,5,21,2,65,1,0,2,273,146,3.27,0.952,5.8,0.6,2.7,8.4,3.1
203,Brent Suter*,33,COL,NL,RP,4,3,0.571,3.38,57,2,12,0,0,0,69.1,65,36,26,3,25,0,55,3,0,1,292,146,3.44,1.298,8.4,0.4,3.2,7.1,2.2
204,Jason Foley,27,DET,AL,RP,3,3,0.5,2.61,70,0,18,0,0,7,69,65,21,20,2,15,2,55,1,0,2,276,168,2.73,1.159,8.5,0.3,2,7.2,3.67
205,Michael Grove,26,LAD,NL,RP,2,3,0.4,6.13,18,12,1,0,0,0,69,83,47,47,12,19,0,73,3,0,3,302,71,4.36,1.478,10.8,1.6,2.5,9.5,3.84
206,Craig Kimbrel,35,PHI,NL,RP,8,6,0.571,3.26,71,0,45,0,0,23,69,44,28,25,10,28,1,94,4,2,4,278,132,3.81,1.043,5.7,1.3,3.7,12.3,3.36
207,Justin Topa,32,SEA,AL,RP,5,4,0.556,2.61,75,0,14,0,0,3,69,61,26,20,4,18,4,61,3,0,0,279,153,3.15,1.145,8,0.5,2.3,8,3.39
208,Trevor Stephan,27,CLE,AL,RP,7,7,0.5,4.06,71,0,11,0,0,2,68.2,63,35,31,6,26,1,75,5,0,3,294,106,3.56,1.296,8.3,0.8,3.4,9.8,2.88
209,Roansy Contreras,23,PIT,NL,RP,3,7,0.3,6.59,19,11,1,0,0,1,68.1,75,50,50,11,32,1,55,1,0,3,302,68,5.19,1.566,9.9,1.4,4.2,7.2,1.72
210,Héctor Neris,34,HOU,AL,RP,6,3,0.667,1.71,71,0,7,0,0,2,68.1,41,16,13,7,31,0,77,3,0,3,273,246,3.83,1.054,5.4,0.9,4.1,10.1,2.48
211,Scott Barlow,30,TOT,MLB,RP,2,6,0.25,4.37,63,0,32,0,0,13,68,61,39,33,4,34,3,79,5,0,3,299,101,3.42,1.397,8.1,0.5,4.5,10.5,2.32
212,Andre Pallante,24,STL,NL,RP,4,1,0.8,4.76,62,0,9,0,0,0,68,76,37,36,6,30,0,43,3,1,6,302,93,4.59,1.559,10.1,0.8,4,5.7,1.43
213,Louie Varland,25,MIN,AL,RP,4,3,0.571,4.63,17,10,1,0,0,0,68,66,35,35,16,17,0,71,1,0,2,283,94,5.02,1.221,8.7,2.1,2.3,9.4,4.18
214,Camilo Doval,25,SFG,NL,RP,6,6,0.5,2.93,69,0,60,0,0,39,67.2,51,32,22,3,26,6,87,8,3,10,281,143,2.77,1.138,6.8,0.4,3.5,11.6,3.35
215,David Bednar,28,PIT,NL,RP,3,3,0.5,2,66,0,57,0,0,39,67.1,53,22,15,3,21,4,80,3,0,2,277,222,2.53,1.099,7.1,0.4,2.8,10.7,3.81
216,Phil Bickford,27,TOT,NL,RP,5,5,0.5,4.95,61,0,18,0,0,1,67.1,59,41,37,8,39,4,76,4,1,4,304,87,4.46,1.455,7.9,1.1,5.2,10.2,1.95
217,Alexis Díaz,26,CIN,NL,RP,9,6,0.6,3.07,71,0,51,0,0,37,67.1,44,30,23,4,36,0,86,10,0,3,286,149,3.52,1.188,5.9,0.5,4.8,11.5,2.39
218,Brusdar Graterol,24,LAD,NL,RP,4,2,0.667,1.2,68,1,19,0,0,7,67.1,53,14,9,3,12,1,48,2,0,2,257,363,3.03,0.965,7.1,0.4,1.6,6.4,4
219,Rafael Montero,32,HOU,AL,RP,3,3,0.5,5.08,68,0,21,0,0,1,67.1,74,40,38,11,29,0,79,3,0,0,298,83,4.46,1.53,9.9,1.5,3.9,10.6,2.72
220,Eli Morgan,27,CLE,AL,RP,5,2,0.714,4.01,61,0,14,0,0,1,67.1,73,37,30,9,24,1,75,1,1,2,299,107,3.88,1.441,9.8,1.2,3.2,10,3.13
221,Kevin Kelly,25,TBR,AL,RP,5,2,0.714,3.09,57,0,4,0,0,1,67,53,27,23,2,15,1,56,10,0,1,276,134,3.09,1.015,7.1,0.3,2,7.5,3.73
222,Brandon Woodruff,30,MIL,NL,RP,5,1,0.833,2.28,11,11,0,1,1,0,67,40,17,17,9,15,0,74,3,0,0,253,191,3.6,0.821,5.4,1.2,2,9.9,4.93
223,Erik Swanson,29,TOR,AL,RP,4,2,0.667,2.97,69,0,13,0,0,4,66.2,52,22,22,8,21,0,75,0,0,0,262,143,3.51,1.095,7,1.1,2.8,10.1,3.57
224,Kendall Graveman,32,TOT,AL,RP,5,6,0.455,3.12,68,0,26,0,0,8,66.1,51,27,23,9,36,0,66,5,1,3,282,140,4.88,1.312,6.9,1.2,4.9,9,1.83
225,Gregory Santos,23,CHW,AL,RP,2,2,0.5,3.39,60,0,17,0,0,5,66.1,69,29,25,2,17,1,66,5,1,2,289,131,2.65,1.296,9.4,0.3,2.3,9,3.88
226,Zack Thompson*,25,STL,NL,RP,5,7,0.417,4.48,25,9,1,0,0,0,66.1,69,35,33,8,25,0,72,2,0,3,287,99,3.87,1.417,9.4,1.1,3.4,9.8,2.88
227,Fernando Cruz,33,CIN,NL,RP,1,2,0.333,4.91,58,2,15,0,0,0,66,52,39,36,6,28,0,98,2,0,5,279,93,2.83,1.212,7.1,0.8,3.8,13.4,3.5
228,Yimi García,32,TOR,AL,RP,3,4,0.429,4.09,73,0,16,0,0,3,66,67,35,30,8,15,1,79,6,0,0,282,104,3.39,1.242,9.1,1.1,2,10.8,5.27
229,Alex Lange,27,DET,AL,RP,7,5,0.583,3.68,67,0,45,0,0,26,66,43,30,27,6,45,1,79,6,0,4,288,119,4.36,1.333,5.9,0.8,6.1,10.8,1.76
230,Reynaldo López,29,TOT,AL,RP,3,7,0.3,3.27,68,0,16,0,0,6,66,50,25,24,8,34,2,83,1,1,4,278,136,3.91,1.273,6.8,1.1,4.6,11.3,2.44
231,Phil Maton,30,HOU,AL,RP,4,3,0.571,3,68,0,7,0,0,1,66,49,27,22,6,25,2,74,9,0,1,274,141,3.74,1.121,6.7,0.8,3.4,10.1,2.96
232,Enyel De Los Santos,27,CLE,AL,RP,5,2,0.714,3.29,70,0,8,0,0,0,65.2,50,26,24,4,25,1,62,4,2,2,262,131,3.48,1.142,6.9,0.5,3.4,8.5,2.48
233,Jordan Hicks,26,TOT,MLB,RP,3,9,0.25,3.29,65,0,26,0,0,12,65.2,57,30,24,4,32,1,81,4,0,8,285,134,3.22,1.355,7.8,0.5,4.4,11.1,2.53
234,José Cuas,29,TOT,MLB,RP,3,2,0.6,3.99,72,2,12,0,0,1,65.1,63,30,29,8,35,0,71,7,0,5,292,113,4.6,1.5,8.7,1.1,4.8,9.8,2.03
235,Kevin Ginkel,29,ARI,NL,RP,9,1,0.9,2.48,60,0,19,0,0,4,65.1,41,24,18,3,23,1,70,2,1,5,254,176,2.86,0.98,5.6,0.4,3.2,9.6,3.04
236,Griffin Jax,28,MIN,AL,RP,6,10,0.375,3.86,71,0,14,0,0,4,65.1,58,30,28,5,19,1,68,4,0,1,274,113,3.22,1.179,8,0.7,2.6,9.4,3.58
237,Ryan Pressly,34,HOU,AL,RP,4,5,0.444,3.58,65,0,56,0,0,31,65.1,54,33,26,8,16,0,74,1,0,2,268,118,3.36,1.071,7.4,1.1,2.2,10.2,4.63
238,David Robertson,38,TOT,NL,RP,6,6,0.5,3.03,62,0,36,0,0,18,65.1,53,28,22,7,25,2,78,3,0,5,269,144,3.55,1.194,7.3,1,3.4,10.7,3.12
239,Mike Baumann,27,BAL,AL,RP,10,1,0.909,3.76,60,0,15,0,0,0,64.2,52,29,27,7,33,2,61,2,0,7,273,109,4.4,1.314,7.2,1,4.6,8.5,1.85
240,Miguel Castro,28,ARI,NL,RP,6,6,0.5,4.31,75,0,21,0,0,7,64.2,51,32,31,8,25,3,60,3,0,0,268,101,4.31,1.175,7.1,1.1,3.5,8.4,2.4
241,Alex Faedo,27,DET,AL,RP,2,5,0.286,4.45,15,12,2,0,0,0,64.2,48,35,32,12,20,0,58,1,0,3,262,99,4.85,1.052,6.7,1.7,2.8,8.1,2.9
242,A.J. Minter*,29,ATL,NL,RP,3,6,0.333,3.76,70,0,19,0,0,10,64.2,56,28,27,6,21,2,82,0,1,1,260,117,2.9,1.191,7.8,0.8,2.9,11.4,3.9
243,Mark Leiter Jr.,32,CHC,NL,RP,1,3,0.25,3.5,69,0,12,0,0,4,64.1,48,27,25,7,24,0,77,8,1,2,269,126,3.77,1.119,6.7,1,3.4,10.8,3.21
244,Hoby Milner*,32,MIL,NL,RP,2,1,0.667,1.82,73,0,6,0,0,0,64.1,49,16,13,5,13,0,59,2,0,1,252,240,3.13,0.964,6.9,0.7,1.8,8.3,4.54
245,Carlos Rodón*,30,NYY,AL,RP,3,8,0.273,6.85,14,14,0,0,0,0,64.1,65,51,49,15,28,0,64,4,0,9,286,63,5.79,1.446,9.1,2.1,3.9,9,2.29
246,Adbert Alzolay,28,CHC,NL,RP,2,5,0.286,2.67,58,0,38,0,0,22,64,52,23,19,5,13,0,67,5,2,0,253,165,3.02,1.016,7.3,0.7,1.8,9.4,5.15
247,Nestor Cortes*,28,NYY,AL,SP,5,2,0.714,4.97,12,12,0,0,0,0,63.1,59,36,35,11,20,0,67,3,0,0,266,87,4.49,1.247,8.4,1.6,2.8,9.5,3.35
248,Hogan Harris*,26,OAK,AL,RP,3,6,0.333,7.14,14,6,0,0,0,0,63,67,51,50,10,28,0,56,3,0,1,284,59,5.02,1.508,9.6,1.4,4,8,2
249,Clay Holmes,30,NYY,AL,RP,4,4,0.5,2.86,66,0,41,0,0,24,63,51,22,20,2,23,0,71,3,1,5,262,152,2.65,1.175,7.3,0.3,3.3,10.1,3.09
250,José Urquidy,28,HOU,AL,RP,3,3,0.5,5.29,16,10,4,0,0,1,63,65,37,37,11,25,0,45,2,1,0,275,80,5.38,1.429,9.3,1.6,3.6,6.4,1.8
251,Pierce Johnson,32,TOT,NL,RP,2,6,0.25,4.02,67,0,28,0,0,13,62.2,63,34,28,10,30,1,90,0,0,4,277,118,3.89,1.484,9,1.4,4.3,12.9,3
252,Jhoan Durán,25,MIN,AL,RP,3,6,0.333,2.45,59,0,41,0,0,27,62.1,46,25,17,6,25,5,84,4,0,8,255,177,3.21,1.139,6.6,0.9,3.6,12.1,3.36
253,Carlos Estévez,30,LAA,AL,RP,5,5,0.5,3.9,63,0,49,0,0,31,62.1,62,34,27,7,31,5,78,5,0,1,281,115,3.94,1.492,9,1,4.5,11.3,2.52
254,Sam Moll*,31,TOT,MLB,RP,2,3,0.4,3.03,70,1,13,0,0,1,62.1,47,22,21,2,30,8,68,7,0,4,268,145,3.27,1.235,6.8,0.3,4.3,9.8,2.27
255,Matthew Liberatore*,23,STL,NL,SP,3,6,0.333,5.25,22,11,3,0,0,0,61.2,66,42,36,5,25,1,46,5,0,4,275,85,4.28,1.476,9.6,0.7,3.6,6.7,1.84
256,Adam Ottavino,37,NYM,NL,RP,1,7,0.125,3.21,66,0,36,0,0,12,61.2,46,24,22,7,29,3,62,8,3,5,261,130,4.52,1.216,6.7,1,4.2,9,2.14
257,Andre Jackson,27,TOT,NL,RP,1,3,0.25,4.99,19,7,6,0,0,2,61.1,52,34,34,11,22,0,57,2,0,1,257,89,4.9,1.207,7.6,1.6,3.2,8.4,2.59
258,Elvis Peguero,26,MIL,NL,RP,4,5,0.444,3.38,59,0,7,0,0,1,61.1,49,25,23,4,26,1,54,4,0,1,252,129,3.81,1.223,7.2,0.6,3.8,7.9,2.08
259,Evan Phillips,28,LAD,NL,RP,2,4,0.333,2.05,62,0,36,0,0,24,61.1,38,19,14,6,13,2,66,3,0,1,234,212,3.16,0.832,5.6,0.9,1.9,9.7,5.08
260,Ryan Walker,27,SFG,NL,RP,5,3,0.625,3.23,49,13,6,0,0,1,61.1,61,25,22,8,24,0,78,2,0,3,263,130,3.68,1.386,9,1.2,3.5,11.4,3.25
261,Tanner Banks*,31,CHW,AL,RP,1,4,0.2,4.43,32,3,9,0,0,1,61,59,32,30,10,16,1,51,4,0,1,255,100,4.7,1.23,8.7,1.5,2.4,7.5,3.19
262,Félix Bautista,28,BAL,AL,RP,8,2,0.8,1.48,56,0,46,0,0,33,61,30,14,10,4,26,0,110,2,0,7,237,277,1.88,0.918,4.4,0.6,3.8,16.2,4.23
263,James Kaprielian,29,OAK,AL,SP,2,6,0.25,6.34,14,11,0,0,0,0,61,66,45,43,9,31,1,57,5,0,3,280,67,5.07,1.59,9.7,1.3,4.6,8.4,1.84
264,Lucas Sims,29,CIN,NL,RP,7,3,0.7,3.1,67,0,5,0,0,3,61,33,23,21,5,39,1,72,10,1,3,258,148,4.37,1.18,4.9,0.7,5.8,10.6,1.85
265,Drew VerHagen,32,STL,NL,RP,5,1,0.833,3.98,60,0,15,0,0,0,61,52,30,27,9,26,2,60,9,1,3,268,112,4.93,1.279,7.7,1.3,3.8,8.9,2.31
266,Hunter Harvey,28,WSN,NL,RP,4,4,0.5,2.82,57,0,20,0,0,10,60.2,44,21,19,7,13,1,67,2,1,2,235,150,3.29,0.94,6.5,1,1.9,9.9,5.15
267,Colin Poche*,29,TBR,AL,RP,12,3,0.8,2.23,66,0,6,0,0,1,60.2,42,17,15,4,24,1,61,1,0,3,246,186,3.34,1.088,6.2,0.6,3.6,9,2.54
268,Paul Sewald,33,TOT,MLB,RP,3,2,0.6,3.12,65,0,47,0,0,34,60.2,46,23,21,8,24,1,80,1,0,1,249,133,3.57,1.154,6.8,1.2,3.6,11.9,3.33
269,Caleb Ferguson*,26,LAD,NL,RP,7,4,0.636,3.43,68,7,9,0,0,3,60.1,64,30,23,4,23,0,70,8,0,3,270,127,3.34,1.442,9.5,0.6,3.4,10.4,3.04
270,Erasmo Ramírez,33,TOT,MLB,RP,3,3,0.5,6.41,38,2,10,0,0,0,60.1,82,47,43,11,13,0,43,4,1,2,274,66,5.05,1.575,12.2,1.6,1.9,6.4,3.31
271,Emmet Sheehan,23,LAD,NL,RP,4,1,0.8,4.92,13,11,1,0,0,1,60.1,46,33,33,11,26,0,64,1,0,1,248,89,4.85,1.193,6.9,1.6,3.9,9.5,2.46
272,Gregory Soto*,28,PHI,NL,RP,3,4,0.429,4.62,69,0,13,0,0,3,60.1,47,34,31,6,22,0,65,2,0,5,250,93,3.59,1.144,7,0.9,3.3,9.7,2.95
273,Kirby Yates,36,ATL,NL,RP,7,2,0.778,3.28,61,0,16,0,0,5,60.1,35,22,22,9,37,1,80,5,1,5,254,134,4.63,1.193,5.2,1.3,5.5,11.9,2.16
274,Nick Sandlin,26,CLE,AL,RP,5,5,0.5,3.75,61,0,7,0,0,0,60,38,28,25,12,24,1,66,2,0,0,239,115,4.96,1.033,5.7,1.8,3.6,9.9,2.75
275,Ryan Brasier,35,TOT,MLB,RP,3,0,1,3.02,59,0,15,0,0,2,59.2,42,24,20,3,19,1,56,3,0,3,238,148,3.14,1.022,6.3,0.5,2.9,8.4,2.95
276,Brock Burke*,26,TEX,AL,RP,5,3,0.625,4.37,53,0,9,0,0,0,59.2,64,32,29,13,9,4,52,2,0,2,250,97,4.9,1.223,9.7,2,1.4,7.8,5.78
277,Luis García,36,SDP,NL,RP,2,3,0.4,4.07,61,0,26,0,0,0,59.2,59,30,27,6,24,1,53,6,0,4,267,104,4.29,1.391,8.9,0.9,3.6,8,2.21
278,José Cisnero,34,DET,AL,RP,3,4,0.429,5.31,63,0,18,0,0,2,59.1,63,39,35,10,25,2,70,5,0,9,267,83,4.6,1.483,9.6,1.5,3.8,10.6,2.8
279,Albert Abreu,27,NYY,AL,RP,2,2,0.5,4.73,45,0,19,0,0,0,59,52,39,31,9,35,1,61,6,0,5,268,92,5.26,1.475,7.9,1.4,5.3,9.3,1.74
280,Taylor Clarke,30,KCR,AL,RP,3,6,0.333,5.95,58,2,11,0,0,3,59,71,42,39,12,24,1,65,3,0,3,266,76,5.07,1.61,10.8,1.8,3.7,9.9,2.71
281,Jorge López,30,TOT,MLB,RP,6,2,0.75,5.95,61,0,15,0,0,3,59,67,42,39,12,22,3,49,8,0,5,266,74,5.76,1.508,10.2,1.8,3.4,7.5,2.23
282,Jordan Romano,30,TOR,AL,RP,5,7,0.417,2.9,59,0,49,0,0,36,59,48,20,19,6,24,5,72,2,1,0,248,147,3.46,1.22,7.3,0.9,3.7,11,3
283,Huascar Brazobán,33,MIA,NL,RP,5,2,0.714,4.14,50,0,7,0,0,0,58.2,53,28,27,5,31,2,65,4,0,3,257,113,3.94,1.432,8.1,0.8,4.8,10,2.1
284,Collin McHugh,36,ATL,NL,RP,4,1,0.8,4.3,41,1,6,0,0,0,58.2,70,34,28,5,22,1,47,4,0,0,268,103,4.09,1.568,10.7,0.8,3.4,7.2,2.14
285,Steven Okert*,31,MIA,NL,RP,3,2,0.6,4.45,64,2,10,0,0,0,58.2,50,31,29,9,24,0,73,2,1,1,247,105,4.09,1.261,7.7,1.4,3.7,11.2,3.04
286,Devin Williams,28,MIL,NL,RP,8,3,0.727,1.53,61,0,49,0,0,36,58.2,26,13,10,4,28,1,87,1,0,1,231,285,2.66,0.92,4,0.6,4.3,13.3,3.11
287,Aaron Bummer*,29,CHW,AL,RP,5,5,0.5,6.79,61,0,8,0,0,0,58.1,53,45,44,4,36,3,78,5,0,6,267,65,3.58,1.526,8.2,0.6,5.6,12,2.17
288,Aroldis Chapman*,35,TOT,AL,RP,6,5,0.545,3.09,61,0,18,0,0,6,58.1,37,24,20,4,36,2,103,1,2,9,249,143,2.52,1.251,5.7,0.6,5.6,15.9,2.86
289,Trevor Gott,30,TOT,MLB,RP,0,5,0,4.19,64,0,13,0,0,1,58,63,34,27,4,19,3,62,4,0,0,261,98,3.2,1.414,9.8,0.6,2.9,9.6,3.26
290,Ian Hamilton,28,NYY,AL,RP,3,2,0.6,2.64,39,3,6,0,0,2,58,45,19,17,2,26,1,69,3,0,1,239,165,2.82,1.224,7,0.3,4,10.7,2.65
291,Dauri Moreta,27,PIT,NL,RP,5,2,0.714,3.72,55,0,11,0,0,1,58,39,26,24,4,24,1,76,3,0,3,239,120,2.93,1.086,6.1,0.6,3.7,11.8,3.17
292,Ryan Weathers*,23,TOT,NL,RP,1,8,0.111,6.55,15,12,0,0,0,0,57.2,68,44,42,12,29,0,43,1,0,1,257,67,6.03,1.682,10.6,1.9,4.5,6.7,1.48
293,Andrew Nardi*,24,MIA,NL,RP,8,1,0.889,2.67,63,0,10,0,0,3,57.1,45,18,17,7,21,2,73,4,0,0,237,175,3.6,1.151,7.1,1.1,3.3,11.5,3.48
294,Will Smith*,33,TEX,AL,RP,2,7,0.222,4.4,60,0,41,0,0,22,57.1,44,31,28,5,17,4,55,0,0,1,226,97,3.36,1.064,6.9,0.8,2.7,8.6,3.24
295,Michael Fulmer,30,CHC,NL,RP,3,5,0.375,4.42,58,1,14,0,0,2,57,48,29,28,7,28,0,65,2,0,5,237,100,4.15,1.333,7.6,1.1,4.4,10.3,2.32
296,José Leclerc,29,TEX,AL,RP,0,2,0,2.68,57,0,24,0,0,4,57,37,19,17,5,28,2,67,2,0,2,233,159,3.62,1.14,5.8,0.8,4.4,10.6,2.39
297,Jake Diekman*,36,TOT,AL,RP,0,2,0,3.34,63,0,22,0,0,0,56.2,37,29,21,3,38,1,64,1,2,3,243,127,3.75,1.324,5.9,0.5,6,10.2,1.68
298,Dylan Floro,32,TOT,MLB,RP,5,6,0.455,4.76,62,0,18,0,0,7,56.2,70,34,30,3,17,3,58,3,0,1,248,97,2.96,1.535,11.1,0.5,2.7,9.2,3.41
299,A.J. Puk*,28,MIA,NL,RP,7,5,0.583,3.97,58,0,31,0,0,15,56.2,54,29,25,10,13,2,78,2,0,1,242,118,3.59,1.182,8.6,1.6,2.1,12.4,6
300,Josh Hader*,29,SDP,NL,RP,2,3,0.4,1.28,61,0,52,0,0,33,56.1,32,11,8,3,30,2,85,3,0,3,231,331,2.69,1.101,5.1,0.5,4.8,13.6,2.83
301,Joe Jiménez,28,ATL,NL,RP,0,3,0,3.04,59,0,16,0,0,0,56.1,51,22,19,9,14,0,73,2,0,0,238,145,3.59,1.154,8.1,1.4,2.2,11.7,5.21
302,Drew Smith,29,NYM,NL,RP,4,6,0.4,4.15,62,0,16,0,0,3,56.1,50,31,26,7,29,0,60,5,0,2,244,101,4.55,1.402,8,1.1,4.6,9.6,2.07
303,Cody Bradford*,25,TEX,AL,RP,4,3,0.571,5.3,20,8,5,0,0,0,56,56,33,33,11,12,0,51,1,0,0,234,80,4.68,1.214,9,1.8,1.9,8.2,4.25
304,Mason Englert,23,DET,AL,RP,4,3,0.571,5.46,31,1,7,0,0,0,56,67,39,34,12,17,0,41,2,0,2,253,80,5.59,1.5,10.8,1.9,2.7,6.6,2.41
305,Colin Holderman,27,PIT,NL,RP,0,3,0,3.86,58,0,8,0,0,2,56,55,25,24,4,20,2,58,2,0,3,240,115,3.29,1.339,8.8,0.6,3.2,9.3,2.9
306,Kyle Nelson*,26,ARI,NL,RP,7,4,0.636,4.18,68,2,8,0,0,0,56,59,30,26,12,14,1,67,1,0,1,239,105,4.45,1.304,9.5,1.9,2.3,10.8,4.79
307,Génesis Cabrera*,26,TOT,MLB,RP,2,1,0.667,4.04,61,0,12,0,0,0,55.2,49,28,25,8,24,3,58,2,1,1,239,109,4.44,1.311,7.9,1.3,3.9,9.4,2.42
308,Raisel Iglesias,33,ATL,NL,RP,5,4,0.556,2.75,58,0,50,0,0,33,55.2,51,23,17,7,15,2,68,0,0,0,231,160,3.26,1.186,8.2,1.1,2.4,11,4.53
309,Lucas Erceg,28,OAK,AL,RP,4,4,0.5,4.75,50,0,4,0,0,0,55,51,33,29,1,36,1,68,6,0,5,251,89,3.31,1.582,8.3,0.2,5.9,11.1,1.89
310,Giovanny Gallegos,31,STL,NL,RP,2,4,0.333,4.42,56,0,16,0,0,10,55,54,28,27,11,12,0,59,0,1,3,229,101,4.36,1.2,8.8,1.8,2,9.7,4.92
311,Corey Kluber,37,BOS,AL,RP,3,6,0.333,7.04,15,9,1,0,0,1,55,69,47,43,17,21,0,42,4,0,1,257,65,7.11,1.636,11.3,2.8,3.4,6.9,2
312,Derek Law,32,CIN,NL,RP,4,6,0.4,3.6,54,3,13,0,0,2,55,50,24,22,6,26,0,45,3,0,5,240,127,4.62,1.382,8.2,1,4.3,7.4,1.73
313,Adrián Martinez,26,OAK,AL,RP,0,2,0,4.75,22,1,7,0,0,0,55,59,31,29,8,19,0,47,5,0,4,241,89,4.75,1.418,9.7,1.3,3.1,7.7,2.47
314,Brooks Raley*,35,NYM,NL,RP,1,2,0.333,2.8,66,0,11,0,0,3,54.2,44,19,17,4,25,3,61,6,0,0,236,150,3.68,1.262,7.2,0.7,4.1,10,2.44
315,Gabe Speier*,28,SEA,AL,RP,2,2,0.5,3.79,69,0,8,0,0,1,54.2,47,24,23,7,11,4,64,3,0,2,216,106,3.35,1.061,7.7,1.2,1.8,10.5,5.82
316,Jordan Weems,30,WSN,NL,RP,5,1,0.833,3.62,51,0,7,0,0,0,54.2,38,25,22,9,28,5,60,3,0,0,232,117,4.9,1.207,6.3,1.5,4.6,9.9,2.14
317,Jason Adam,31,TBR,AL,RP,4,2,0.667,2.98,56,0,22,0,0,12,54.1,35,21,18,7,20,0,69,9,0,2,222,139,3.99,1.012,5.8,1.2,3.3,11.4,3.45
318,Dominic Leone,31,TOT,MLB,RP,1,3,0.25,4.67,51,0,16,0,0,1,54,49,28,28,14,28,3,54,2,0,4,235,92,6.29,1.426,8.2,2.3,4.7,9,1.93
319,Wandy Peralta*,31,NYY,AL,RP,4,2,0.667,2.83,63,0,11,0,0,4,54,36,19,17,7,30,0,51,6,3,1,227,154,5.05,1.222,6,1.2,5,8.5,1.7
320,Mason Thompson,25,WSN,NL,RP,4,4,0.5,5.5,51,0,5,0,0,1,54,62,35,33,4,22,0,44,4,0,4,240,77,4.03,1.556,10.3,0.7,3.7,7.3,2
321,Brad Hand*,33,TOT,NL,RP,5,3,0.625,5.53,60,0,15,0,0,1,53.2,54,33,33,6,22,3,59,5,0,3,236,87,4.02,1.416,9.1,1,3.7,9.9,2.68
322,Jacob Webb,29,TOT,AL,RP,1,1,0.5,3.69,54,0,8,0,0,1,53.2,39,22,22,6,30,3,57,4,0,1,232,118,4.48,1.286,6.5,1,5,9.6,1.9
323,Alex Young*,29,CIN,NL,RP,4,2,0.667,3.86,63,0,6,0,0,1,53.2,53,27,23,10,20,0,50,1,0,0,236,119,4.99,1.36,8.9,1.7,3.4,8.4,2.5
324,Tim Mayza*,31,TOR,AL,RP,3,1,0.75,1.52,69,0,8,0,0,1,53.1,50,10,9,2,15,3,53,0,0,1,215,281,2.6,1.219,8.4,0.3,2.5,8.9,3.53
325,Cionel Pérez*,27,BAL,AL,RP,4,2,0.667,3.54,65,0,13,0,0,3,53.1,56,30,21,2,27,3,44,4,1,0,247,116,3.84,1.556,9.5,0.3,4.6,7.4,1.63
326,Steven Wilson,28,SDP,NL,RP,1,2,0.333,3.91,52,0,4,0,0,0,53,35,23,23,7,27,1,57,3,0,0,219,108,4.52,1.17,5.9,1.2,4.6,9.7,2.11
327,Matt Moore*,34,TOT,MLB,RP,5,1,0.833,2.56,50,0,4,0,0,0,52.2,46,16,15,7,15,3,60,3,0,1,218,177,3.73,1.158,7.9,1.2,2.6,10.3,4
328,Jared Shuster*,24,ATL,NL,RP,4,3,0.571,5.81,11,11,0,0,0,0,52.2,53,34,34,7,26,0,30,1,0,3,230,76,5.38,1.5,9.1,1.2,4.4,5.1,1.15
329,Johnny Cueto,37,MIA,NL,RP,1,4,0.2,6.02,13,10,1,0,0,0,52.1,51,36,35,17,15,0,39,3,0,0,218,78,7.02,1.261,8.8,2.9,2.6,6.7,2.6
330,Sam Hentges*,26,CLE,AL,RP,3,2,0.6,3.61,56,0,9,0,0,0,52.1,53,24,21,2,18,0,56,0,0,3,223,119,2.64,1.357,9.1,0.3,3.1,9.6,3.11
331,Jeff Hoffman,30,PHI,NL,RP,5,2,0.714,2.41,54,0,13,0,0,1,52.1,29,16,14,3,19,1,69,2,0,4,208,180,2.57,0.917,5,0.5,3.3,11.9,3.63
332,Brent Honeywell Jr.,28,TOT,MLB,RP,2,4,0.333,4.82,40,0,10,0,0,0,52.1,53,29,28,10,23,0,45,5,1,3,234,89,5.62,1.452,9.1,1.7,4,7.7,1.96
333,Daniel Lynch IV*,26,KCR,AL,RP,3,4,0.429,4.64,9,9,0,0,0,0,52.1,50,29,27,9,16,0,34,1,1,1,223,97,5.17,1.261,8.6,1.5,2.8,5.8,2.13
334,Josh Sborz,29,TEX,AL,RP,6,7,0.462,5.5,44,0,7,0,0,0,52.1,43,33,32,8,17,0,66,1,0,3,215,78,3.75,1.146,7.4,1.4,2.9,11.4,3.88
335,Chase Silseth,23,LAA,AL,RP,4,1,0.8,3.96,16,8,3,0,0,0,52.1,41,26,23,9,26,0,56,2,1,5,221,113,4.96,1.28,7.1,1.5,4.5,9.6,2.15
336,Robert Stephenson,30,TOT,MLB,RP,3,4,0.429,3.1,60,0,15,0,0,1,52.1,30,20,18,8,16,2,77,0,0,4,201,137,3.22,0.879,5.2,1.4,2.8,13.2,4.81
337,Shawn Armstrong,32,TBR,AL,RP,1,0,1,1.38,39,6,5,0,0,0,52,36,12,8,2,11,0,54,4,0,0,207,299,2.54,0.904,6.2,0.3,1.9,9.3,4.91
338,Ronel Blanco,29,HOU,AL,RP,2,1,0.667,4.5,17,7,8,0,0,0,52,49,29,26,12,28,0,52,2,0,2,226,94,5.99,1.481,8.5,2.1,4.8,9,1.86
339,Hyun Jin Ryu*,36,TOR,AL,SP,3,3,0.5,3.46,11,11,0,0,0,0,52,53,25,20,9,14,0,38,1,0,1,224,123,4.91,1.288,9.2,1.6,2.4,6.6,2.71
340,George Soriano,24,MIA,NL,RP,0,0,,3.81,26,1,4,0,0,1,52,46,26,22,6,23,1,52,5,1,0,228,123,4.37,1.327,8,1,4,9,2.26
341,Joan Adon,24,WSN,NL,RP,2,4,0.333,6.45,12,10,2,0,0,0,51.2,60,37,37,8,24,3,48,3,0,6,240,66,4.98,1.626,10.5,1.4,4.2,8.4,2
342,Josh Fleming*,27,TBR,AL,RP,2,0,1,4.7,12,3,2,0,0,0,51.2,56,29,27,9,19,2,25,0,0,2,221,88,5.66,1.452,9.8,1.6,3.3,4.4,1.32
343,Taylor Rogers*,32,SFG,NL,RP,6,4,0.6,3.83,60,0,12,0,0,2,51.2,39,27,22,6,25,3,64,3,0,3,216,109,3.91,1.239,6.8,1,4.4,11.1,2.56
344,Andrew Chafin*,33,TOT,NL,RP,3,4,0.429,4.73,63,0,19,0,0,8,51.1,45,30,27,6,28,0,63,1,0,2,224,93,4.01,1.422,7.9,1.1,4.9,11,2.25
345,Tom Cosgrove*,27,SDP,NL,RP,1,2,0.333,1.75,54,0,16,0,0,1,51.1,31,12,10,3,19,1,44,5,0,1,205,242,3.7,0.974,5.4,0.5,3.3,7.7,2.32
346,Danny Coulombe*,33,BAL,AL,RP,5,3,0.625,2.81,61,0,9,0,0,2,51.1,45,17,16,4,12,0,58,2,2,2,210,146,2.83,1.11,7.9,0.7,2.1,10.2,4.83
347,Tucker Davidson*,27,TOT,AL,RP,1,2,0.333,5.96,38,1,14,0,0,2,51.1,64,37,34,6,19,2,46,3,0,4,236,76,4.27,1.617,11.2,1.1,3.3,8.1,2.42
348,Chris Martin,37,BOS,AL,RP,4,1,0.8,1.05,55,0,12,0,0,3,51.1,45,6,6,2,8,3,46,0,0,1,199,434,2.44,1.032,7.9,0.4,1.4,8.1,5.75
349,Brennan Bernardino*,31,BOS,AL,RP,2,1,0.667,3.2,55,6,8,0,0,0,50.2,48,19,18,4,18,1,58,6,0,3,216,143,3.41,1.303,8.5,0.7,3.2,10.3,3.22
350,Osvaldo Bido,27,PIT,NL,RP,2,5,0.286,5.86,16,9,2,0,0,0,50.2,55,35,33,4,21,0,48,8,0,1,236,76,4.1,1.5,9.8,0.7,3.7,8.5,2.29
351,Jose Hernandez*,25,PIT,NL,RP,1,3,0.25,4.97,50,0,12,0,0,0,50.2,47,30,28,9,22,3,62,1,2,5,223,90,4.48,1.362,8.3,1.6,3.9,11,2.82
352,Keynan Middleton,29,TOT,AL,RP,2,2,0.5,3.38,51,0,11,0,0,2,50.2,40,20,19,8,23,0,64,1,0,2,212,132,4.2,1.243,7.1,1.4,4.1,11.4,2.78
353,Ryne Stanek,31,HOU,AL,RP,3,1,0.75,4.09,55,0,15,0,0,0,50.2,42,24,23,8,21,1,51,1,1,2,213,103,4.6,1.243,7.5,1.4,3.7,9.1,2.43
354,Pedro Avila,26,SDP,NL,RP,2,2,0.5,3.22,14,6,2,0,0,0,50.1,43,23,18,3,25,0,54,5,1,5,220,132,3.67,1.351,7.7,0.5,4.5,9.7,2.16
355,Seranthony Domínguez,28,PHI,NL,RP,5,5,0.5,3.78,57,0,7,0,0,2,50,48,25,21,7,22,0,48,6,1,1,224,114,4.84,1.4,8.6,1.3,4,8.6,2.18
356,Marco Gonzales*,31,SEA,AL,SP,4,1,0.8,5.22,10,10,0,0,0,0,50,55,32,29,5,18,0,34,0,0,0,215,77,4.28,1.46,9.9,0.9,3.2,6.1,1.89
357,Andrés Machado,30,WSN,NL,RP,4,1,0.8,5.22,44,0,8,0,0,0,50,53,29,29,12,13,2,43,1,1,1,207,81,5.5,1.32,9.5,2.2,2.3,7.7,3.31
358,Quinn Priester,22,PIT,NL,RP,3,3,0.5,7.74,10,8,0,0,0,0,50,58,43,43,12,27,0,36,3,0,5,234,58,6.74,1.7,10.4,2.2,4.9,6.5,1.33
359,Alex Vesia*,27,LAD,NL,RP,2,5,0.286,4.35,56,1,10,0,0,1,49.2,52,27,24,7,17,3,64,2,0,2,217,100,3.66,1.389,9.4,1.3,3.1,11.6,3.76
360,Daniel Bard,38,COL,NL,RP,4,2,0.667,4.56,50,0,11,0,0,1,49.1,35,30,25,5,49,3,47,8,1,2,232,108,6.13,1.703,6.4,0.9,8.9,8.6,0.96
361,Andrés Muñoz,24,SEA,AL,RP,4,7,0.364,2.94,52,0,21,0,0,13,49,40,20,16,2,22,3,67,5,2,4,211,137,2.7,1.265,7.3,0.4,4,12.3,3.05
362,Aaron Loup*,35,LAA,AL,RP,2,3,0.4,6.1,55,0,21,0,0,1,48.2,65,37,33,6,20,4,45,2,1,2,231,73,4.36,1.747,12,1.1,3.7,8.3,2.25
363,Scott Alexander*,33,SFG,NL,RP,7,3,0.7,4.66,55,8,11,0,0,1,48.1,55,30,25,2,11,3,31,1,0,7,208,90,3.26,1.366,10.2,0.4,2,5.8,2.82
364,Austin Pruitt,33,OAK,AL,RP,2,6,0.25,2.98,38,6,8,0,0,0,48.1,44,18,16,5,12,1,30,1,0,1,196,142,4.17,1.159,8.2,0.9,2.2,5.6,2.5
365,Andrew Vasquez*,29,TOT,MLB,RP,2,1,0.667,3.35,42,0,13,0,0,0,48.1,46,21,18,4,23,1,43,7,3,2,219,130,4.41,1.428,8.6,0.7,4.3,8,1.87
366,Will Vest,28,DET,AL,RP,2,1,0.667,2.98,48,4,7,0,0,2,48.1,40,18,16,3,13,1,56,0,0,0,199,148,2.55,1.097,7.4,0.6,2.4,10.4,4.31
367,Yency Almonte,29,LAD,NL,RP,3,2,0.6,5.06,49,0,5,0,0,0,48,43,30,27,6,24,2,49,4,0,3,208,86,4.59,1.396,8.1,1.1,4.5,9.2,2.04
368,Dustin May,25,LAD,NL,RP,4,1,0.8,2.63,9,9,0,0,0,0,48,29,14,14,1,16,0,34,2,0,1,187,167,3.23,0.938,5.4,0.2,3,6.4,2.13
369,Chris Murphy*,25,BOS,AL,RP,1,2,0.333,4.91,20,0,6,0,0,1,47.2,50,27,26,5,17,0,49,1,0,4,212,93,3.7,1.406,9.4,0.9,3.2,9.3,2.88
370,Tayler Saucedo*,30,SEA,AL,RP,3,2,0.6,3.59,52,0,17,0,0,1,47.2,41,20,19,2,23,1,43,6,0,1,207,112,3.82,1.343,7.7,0.4,4.3,8.1,1.87
371,Jake Woodford,26,STL,NL,RP,2,3,0.4,6.23,15,8,1,0,0,0,47.2,61,34,33,11,22,0,29,3,0,3,222,72,6.61,1.741,11.5,2.1,4.2,5.5,1.32
372,Ron Marinaccio,27,NYY,AL,RP,4,5,0.444,3.99,45,0,9,0,0,2,47.1,35,24,21,6,27,0,56,7,0,2,205,109,4.69,1.31,6.7,1.1,5.1,10.6,2.07
373,Eric Lauer*,28,MIL,NL,RP,4,6,0.4,6.56,10,9,1,0,0,0,46.2,54,39,34,16,24,0,43,0,0,0,211,67,7.41,1.671,10.4,3.1,4.6,8.3,1.79
374,Joey Lucchesi*,30,NYM,NL,RP,4,0,1,2.89,9,9,0,0,0,0,46.2,44,17,15,4,17,0,32,2,1,1,195,145,4.22,1.307,8.5,0.8,3.3,6.2,1.88
375,Trevor May,33,OAK,AL,RP,4,4,0.5,3.28,49,0,35,0,0,21,46.2,35,21,17,4,29,5,40,3,0,2,205,129,4.71,1.371,6.8,0.8,5.6,7.7,1.38
376,John Schreiber,29,BOS,AL,RP,2,1,0.667,3.86,46,2,6,0,0,1,46.2,41,22,20,6,25,2,53,4,0,1,204,118,4.52,1.414,7.9,1.2,4.8,10.2,2.12
377,Bryan Shaw,35,CHW,AL,RP,0,0,,4.14,38,0,17,0,0,4,45.2,39,21,21,3,17,0,40,6,0,1,190,107,3.87,1.226,7.7,0.6,3.4,7.9,2.35
378,Pete Fairbanks,29,TBR,AL,RP,2,4,0.333,2.58,49,0,37,0,0,25,45.1,26,14,13,3,20,0,68,4,0,6,184,161,2.7,1.015,5.2,0.6,4,13.5,3.4
379,Brad Keller,27,KCR,AL,RP,3,4,0.429,4.57,11,9,2,0,0,0,45.1,42,26,23,3,45,0,31,3,0,7,211,99,5.92,1.919,8.3,0.6,8.9,6.2,0.69
380,Bryan Baker,28,BAL,AL,RP,4,3,0.571,3.6,46,0,2,0,0,0,45,33,19,18,4,24,2,51,1,0,3,186,114,3.81,1.267,6.6,0.8,4.8,10.2,2.13
381,Sam Long*,27,OAK,AL,RP,0,1,0,5.6,40,1,15,0,0,2,45,49,29,28,5,21,3,32,1,0,2,199,76,4.74,1.556,9.8,1,4.2,6.4,1.52
382,Kenley Jansen,35,BOS,AL,RP,3,6,0.333,3.63,51,0,42,0,0,29,44.2,40,21,18,5,17,1,52,2,2,1,188,126,3.66,1.276,8.1,1,3.4,10.5,3.06
383,Drew Rasmussen,27,TBR,AL,SP,4,2,0.667,2.62,8,8,0,0,0,0,44.2,36,13,13,2,11,0,47,1,0,2,177,158,2.54,1.052,7.3,0.4,2.2,9.5,4.27
384,Chasen Shreve*,32,TOT,MLB,RP,1,2,0.333,4.63,50,0,10,0,0,0,44.2,46,25,23,7,14,0,45,1,0,3,193,96,4.28,1.343,9.3,1.4,2.8,9.1,3.21
385,José Ureña,31,TOT,MLB,RP,0,7,0,6.45,10,10,0,0,0,0,44.2,50,37,32,13,22,0,29,1,0,2,203,73,7.28,1.612,10.1,2.6,4.4,5.8,1.32
386,Tim Hill*,33,SDP,NL,RP,1,4,0.2,5.48,48,0,7,0,0,0,44.1,59,36,27,7,14,0,26,6,0,0,202,77,5.49,1.647,12,1.4,2.8,5.3,1.86
387,José Ruiz,28,TOT,MLB,RP,2,1,0.667,5.89,38,1,14,0,0,0,44.1,52,31,29,10,21,1,39,6,1,3,207,75,6.26,1.647,10.6,2,4.3,7.9,1.86
388,Tyler Alexander*,28,DET,AL,RP,2,1,0.667,4.5,25,1,8,0,0,0,44,44,25,22,8,5,0,44,2,0,0,181,98,4.1,1.114,9,1.6,1,9,8.8
389,Ryan Feltner,26,COL,NL,RP,2,4,0.333,5.82,10,10,0,0,0,0,43.1,45,29,28,2,28,0,38,2,2,0,201,85,4.18,1.685,9.3,0.4,5.8,7.9,1.36
390,Dylan Covey,31,TOT,NL,RP,1,3,0.25,3.77,29,1,19,0,0,0,43,48,22,18,5,17,1,30,2,0,0,191,116,4.7,1.512,10,1,3.6,6.3,1.76
391,Seth Martinez,28,HOU,AL,RP,2,3,0.4,5.23,35,0,7,0,0,1,43,45,29,25,5,19,2,45,6,0,0,195,81,4.42,1.488,9.4,1,4,9.4,2.37
392,Nate Pearson,26,TOR,AL,RP,5,2,0.714,4.85,35,0,8,0,0,1,42.2,36,25,23,7,18,2,43,3,0,5,182,88,4.85,1.266,7.6,1.5,3.8,9.1,2.39
393,Angel Zerpa*,23,KCR,AL,RP,3,3,0.5,4.85,15,3,3,0,0,0,42.2,46,24,23,7,8,0,36,4,0,1,182,93,4.54,1.266,9.7,1.5,1.7,7.6,4.5
394,Jalen Beeks*,29,TBR,AL,RP,2,3,0.4,5.95,30,8,7,0,0,1,42.1,42,28,28,4,21,0,47,1,0,3,192,70,3.82,1.488,8.9,0.9,4.5,10,2.24
395,JT Chargois,32,MIA,NL,RP,1,0,1,3.61,46,5,8,0,0,1,42.1,35,17,17,3,18,1,35,0,0,0,174,130,3.8,1.252,7.4,0.6,3.8,7.4,1.94
396,Chris Devenski,32,TOT,AL,RP,6,4,0.6,4.46,38,0,9,0,0,0,42.1,36,24,21,6,11,1,42,1,0,1,173,100,3.96,1.11,7.7,1.3,2.3,8.9,3.82
397,Jovani Morán*,26,MIN,AL,RP,2,2,0.5,5.31,43,0,11,0,0,0,42.1,35,27,25,3,27,1,48,0,0,2,184,82,3.82,1.465,7.4,0.6,5.7,10.2,1.78
398,Keaton Winn,25,SFG,NL,RP,1,3,0.25,4.68,9,5,2,0,0,1,42.1,36,22,22,6,8,0,35,5,0,1,172,90,4.37,1.039,7.7,1.3,1.7,7.4,4.38
399,José Buttó,25,NYM,NL,RP,1,4,0.2,3.64,9,7,0,0,0,0,42,33,17,17,3,23,0,38,0,0,0,179,115,4.02,1.333,7.1,0.6,4.9,8.1,1.65
400,Hunter Gaddis,25,CLE,AL,RP,2,1,0.667,4.5,11,7,3,0,0,0,42,41,21,21,6,14,0,24,4,0,1,182,96,5.26,1.31,8.8,1.3,3,5.1,1.71
401,Shelby Miller,32,LAD,NL,RP,3,0,1,1.71,36,1,12,0,0,1,42,19,8,8,3,19,2,42,2,0,1,163,255,3.68,0.905,4.1,0.6,4.1,9,2.21
402,Ryan Pepiot,25,LAD,NL,SP,2,1,0.667,2.14,8,3,0,0,0,0,42,27,10,10,7,5,0,38,3,0,0,159,204,4.18,0.762,5.8,1.5,1.1,8.1,7.6
403,José Soriano,24,LAA,AL,RP,1,3,0.25,3.64,38,0,6,0,0,0,42,33,22,17,4,23,2,56,7,1,2,185,123,3.97,1.333,7.1,0.9,4.9,12,2.43
404,José Alvarado*,28,PHI,NL,RP,0,2,0,1.74,42,0,12,0,0,10,41.1,30,15,8,3,18,1,64,0,0,3,172,249,2.41,1.161,6.5,0.7,3.9,13.9,3.56
405,Matt Waldron,26,SDP,NL,RP,1,3,0.25,4.35,8,6,0,0,0,0,41.1,39,20,20,9,12,0,31,0,0,0,173,97,5.46,1.234,8.5,2,2.6,6.8,2.58
406,Drey Jameson,25,ARI,NL,SP,3,1,0.75,3.32,15,3,3,0,0,1,40.2,40,15,15,6,18,0,37,1,0,0,174,132,4.76,1.426,8.9,1.3,4,8.2,2.06
407,Tommy Kahnle,33,NYY,AL,RP,1,3,0.25,2.66,42,0,9,0,0,2,40.2,26,14,12,5,19,0,48,1,0,3,165,164,3.97,1.107,5.8,1.1,4.2,10.6,2.53
408,Nick Ramirez*,33,NYY,AL,RP,1,2,0.333,2.66,32,0,12,0,0,1,40.2,41,17,12,1,9,0,28,1,1,0,172,164,2.94,1.23,9.1,0.2,2,6.2,3.11
409,Brendan White,24,DET,AL,RP,2,3,0.4,5.09,33,2,9,0,0,0,40.2,40,25,23,4,15,0,44,5,0,1,177,87,3.85,1.352,8.9,0.9,3.3,9.7,2.93
410,Ryan Borucki*,29,PIT,NL,RP,4,0,1,2.45,38,2,1,0,0,0,40.1,26,11,11,4,4,0,33,4,0,1,152,182,3.5,0.744,5.8,0.9,0.9,7.4,8.25
411,Michael Rucker,29,CHC,NL,RP,2,1,0.667,4.91,35,0,12,0,0,0,40.1,39,22,22,6,19,0,40,3,0,1,176,90,4.84,1.438,8.7,1.3,4.2,8.9,2.11
412,Cory Abbott,27,WSN,NL,RP,1,2,0.333,6.64,22,0,10,0,0,0,39.1,48,29,29,9,19,0,40,4,1,4,183,64,5.95,1.703,11,2.1,4.3,9.2,2.11
413,Joe Kelly,35,TOT,MLB,RP,2,5,0.286,4.12,42,0,6,0,0,1,39.1,29,22,18,3,18,0,60,2,2,6,168,108,2.72,1.195,6.6,0.7,4.1,13.7,3.33
414,Yunior Marte,28,PHI,NL,RP,1,1,0.5,5.03,40,0,8,0,0,2,39.1,47,27,22,6,17,0,38,1,0,0,182,86,4.68,1.627,10.8,1.4,3.9,8.7,2.24
415,Andrew Wantz,27,LAA,AL,RP,2,0,1,3.89,27,3,5,0,0,0,39.1,28,18,17,4,15,1,33,1,0,0,160,115,4.12,1.093,6.4,0.9,3.4,7.6,2.2
416,James Karinchak,27,CLE,AL,RP,2,5,0.286,3.23,44,0,5,0,0,0,39,24,18,14,6,28,1,52,3,1,1,171,134,4.97,1.333,5.5,1.4,6.5,12,1.86
417,Joe Mantiply*,32,ARI,NL,RP,2,2,0.5,4.62,35,3,9,0,0,0,39,35,22,20,4,9,1,28,0,0,1,157,95,3.84,1.128,8.1,0.9,2.1,6.5,3.11
418,Matt Koch,32,COL,NL,RP,3,2,0.6,5.12,39,1,9,0,0,0,38.2,41,22,22,7,9,0,27,2,0,0,163,97,5.07,1.293,9.5,1.6,2.1,6.3,3
419,John Brebbia,33,SFG,NL,RP,3,5,0.375,3.99,40,10,6,0,0,0,38.1,31,21,17,6,14,2,47,0,0,0,161,105,3.93,1.174,7.3,1.4,3.3,11,3.36
420,Chad Kuhl,30,WSN,NL,RP,0,4,0,8.45,16,5,5,0,0,1,38.1,47,38,36,8,28,2,31,3,0,4,187,50,6.78,1.957,11,1.9,6.6,7.3,1.11
421,Yohan Ramírez,28,TOT,MLB,RP,1,0,1,4.23,31,0,10,0,0,0,38.1,39,21,18,3,17,1,35,11,0,3,176,107,4.64,1.461,9.2,0.7,4,8.2,2.06
422,Jeff Brigham,31,NYM,NL,RP,1,3,0.25,5.26,37,0,10,0,0,0,37.2,26,23,22,9,18,0,42,5,0,0,160,80,5.96,1.168,6.2,2.2,4.3,10,2.33
423,Dallas Keuchel*,35,MIN,AL,RP,2,1,0.667,5.97,10,6,2,0,0,0,37.2,45,25,25,3,18,0,25,2,0,2,172,73,4.56,1.673,10.8,0.7,4.3,6,1.39
424,Jimmy Lambert,28,CHW,AL,RP,2,3,0.4,5.26,35,1,10,0,0,1,37.2,41,26,22,10,20,3,41,1,0,0,172,85,6.2,1.619,9.8,2.4,4.8,9.8,2.05
425,Randy Vásquez,24,NYY,AL,RP,2,2,0.5,2.87,11,5,1,0,0,0,37.2,30,12,12,5,18,0,33,4,0,3,166,152,4.98,1.274,7.2,1.2,4.3,7.9,1.83
426,John King*,28,TOT,MLB,RP,2,1,0.667,3.62,35,0,9,0,0,0,37.1,45,15,15,2,10,0,20,0,0,0,157,122,3.68,1.473,10.8,0.5,2.4,4.8,2
427,Vince Velasquez,31,PIT,NL,RP,4,4,0.5,3.86,8,8,0,0,0,0,37.1,35,16,16,4,14,0,37,1,0,2,162,116,3.87,1.313,8.4,1,3.4,8.9,2.64
428,Peter Strzelecki,28,TOT,NL,RP,3,5,0.375,4.38,37,0,5,0,0,0,37,33,18,18,3,12,1,37,8,0,0,163,101,3.93,1.216,8,0.7,2.9,9,3.08
429,Ryan Helsley,28,STL,NL,RP,3,4,0.429,2.45,33,0,25,0,0,14,36.2,22,11,10,1,17,1,52,1,1,3,146,182,2.25,1.064,5.4,0.2,4.2,12.8,3.06
430,JoJo Romero*,26,STL,NL,RP,4,2,0.667,3.68,27,0,13,0,0,3,36.2,29,17,15,1,10,0,42,1,0,2,147,121,2.22,1.064,7.1,0.2,2.5,10.3,4.2
431,Bowden Francis,27,TOR,AL,RP,1,0,1,1.73,20,0,11,0,0,1,36.1,22,7,7,5,8,0,35,1,2,1,136,247,3.86,0.826,5.4,1.2,2,8.7,4.38
432,Carmen Mlodzinski,24,PIT,NL,RP,3,3,0.5,2.25,35,1,6,0,0,1,36,28,14,9,3,18,1,34,1,0,0,152,199,4.03,1.278,7,0.8,4.5,8.5,1.89
433,Grant Anderson,26,TEX,AL,RP,2,1,0.667,5.05,26,0,2,0,0,0,35.2,38,20,20,5,14,1,30,1,0,1,154,85,4.66,1.458,9.6,1.3,3.5,7.6,2.14
434,Austin Cox*,26,KCR,AL,RP,0,1,0,4.54,24,3,3,0,0,1,35.2,28,20,18,2,17,0,33,2,0,1,149,100,3.73,1.262,7.1,0.5,4.3,8.3,1.94
435,Nick Anderson,32,ATL,NL,RP,4,0,1,3.06,35,0,3,0,0,1,35.1,30,14,12,3,9,0,36,0,0,1,141,145,3.09,1.104,7.6,0.8,2.3,9.2,4
436,Grant Hartwig,25,NYM,NL,RP,5,2,0.714,4.84,28,0,6,0,0,0,35.1,34,23,19,3,15,1,30,6,0,2,158,87,4.44,1.387,8.7,0.8,3.8,7.6,2
437,Thaddeus Ward,26,WSN,NL,RP,0,0,,6.37,26,0,11,0,0,0,35.1,29,26,25,7,28,1,30,2,0,1,160,67,6.68,1.613,7.4,1.8,7.1,7.6,1.07
438,Beau Brieske,25,DET,AL,RP,2,3,0.4,3.6,25,1,6,0,0,2,35,36,14,14,4,12,0,31,0,0,0,152,122,4,1.371,9.3,1,3.1,8,2.58
439,Karl Kauffmann,25,COL,NL,RP,2,5,0.286,8.23,11,3,3,0,0,0,35,42,34,32,5,16,0,16,4,0,1,158,60,5.91,1.657,10.8,1.3,4.1,4.1,1
440,Mauricio Llovera,27,TOT,MLB,RP,2,3,0.4,4.89,30,0,15,0,0,0,35,36,25,19,3,15,3,29,4,0,1,160,93,4.34,1.457,9.3,0.8,3.9,7.5,1.93
441,Peyton Battenfield,25,CLE,AL,RP,0,5,0,5.19,7,6,1,0,0,0,34.2,34,22,20,7,12,0,27,0,0,1,146,83,5.36,1.327,8.8,1.8,3.1,7,2.25
442,Jesse Chavez,39,ATL,NL,RP,1,0,1,1.56,36,1,7,0,0,1,34.2,26,10,6,2,12,0,39,3,0,0,144,284,3.05,1.096,6.8,0.5,3.1,10.1,3.25
443,Kyle Harrison*,21,SFG,NL,SP,1,1,0.5,4.15,7,7,0,0,0,0,34.2,29,19,16,8,11,0,35,4,0,0,147,101,5.53,1.154,7.5,2.1,2.9,9.1,3.18
444,Trevor Megill,29,MIL,NL,RP,1,0,1,3.63,31,2,9,0,0,0,34.2,35,14,14,2,12,0,52,1,0,2,148,121,2.13,1.356,9.1,0.5,3.1,13.5,4.33
445,Austin Voth,31,BAL,AL,RP,1,2,0.333,5.19,25,0,4,0,0,0,34.2,39,22,20,6,15,1,34,3,0,0,160,79,5.1,1.558,10.1,1.6,3.9,8.8,2.27
446,Jordan Wicks*,23,CHC,NL,RP,4,1,0.8,4.41,7,7,0,0,0,0,34.2,33,17,17,5,11,0,24,0,0,3,147,100,4.7,1.269,8.6,1.3,2.9,6.2,2.18
447,Josh Winder,26,MIN,AL,RP,2,1,0.667,4.15,19,0,10,0,0,1,34.2,35,16,16,3,14,0,28,0,0,1,147,105,3.98,1.413,9.1,0.8,3.6,7.3,2
448,Dylan Dodd*,25,ATL,NL,RP,2,2,0.5,7.6,7,7,0,0,0,0,34.1,53,29,29,9,12,1,15,1,0,1,164,58,6.92,1.893,13.9,2.4,3.1,3.9,1.25
449,Nick Lodolo*,25,CIN,NL,RP,2,1,0.667,6.29,7,7,0,0,0,0,34.1,50,24,24,10,10,1,47,7,0,2,166,73,5.79,1.748,13.1,2.6,2.6,12.3,4.7
450,Jose A. Ferrer*,23,WSN,NL,RP,3,0,1,5.03,39,0,6,0,0,0,34,37,19,19,4,13,2,25,1,0,0,142,85,4.55,1.471,9.8,1.1,3.4,6.6,1.92
451,Victor González*,27,LAD,NL,RP,3,3,0.5,4.01,34,1,7,0,0,0,33.2,27,15,15,2,10,1,30,3,0,1,135,109,3.4,1.099,7.2,0.5,2.7,8,3
452,Gavin Hollowell,25,COL,NL,RP,2,0,1,5.88,26,0,7,0,0,1,33.2,31,23,22,8,18,1,32,6,0,0,154,84,6.58,1.455,8.3,2.1,4.8,8.6,1.78
453,Drew Rom*,23,STL,NL,RP,1,4,0.2,8.02,8,8,0,0,0,0,33.2,51,34,30,7,19,0,32,0,0,1,170,56,5.75,2.079,13.6,1.9,5.1,8.6,1.68
454,José Suarez*,25,LAA,AL,SP,1,3,0.25,8.29,11,7,0,0,0,0,33.2,46,32,31,10,20,1,28,1,0,2,165,54,7.32,1.96,12.3,2.7,5.3,7.5,1.4
455,Luke Jackson,31,SFG,NL,RP,2,2,0.5,2.97,33,0,9,0,0,0,33.1,26,14,11,3,15,2,43,1,1,3,143,142,3.29,1.23,7,0.8,4.1,11.6,2.87
456,Mason Miller,24,OAK,AL,RP,0,3,0,3.78,10,6,0,0,0,0,33.1,24,15,14,2,16,0,38,3,0,3,139,112,3.47,1.2,6.5,0.5,4.3,10.3,2.38
457,Cooper Criswell,26,TBR,AL,RP,1,1,0.5,5.73,10,0,4,0,0,0,33,40,23,21,6,11,1,27,4,0,2,151,73,5.35,1.545,10.9,1.6,3,7.4,2.45
458,Kenny Rosenberg*,27,LAA,AL,RP,2,2,0.5,3.82,7,3,1,0,0,0,33,35,14,14,3,14,1,29,1,1,0,146,118,4.04,1.485,9.5,0.8,3.8,7.9,2.07
459,Jimmy Cordero,31,NYY,AL,RP,3,2,0.6,3.86,31,1,6,0,0,0,32.2,25,14,14,2,10,0,34,2,1,5,132,113,3.07,1.071,6.9,0.6,2.8,9.4,3.4
460,Joe La Sorsa*,25,TOT,MLB,RP,1,0,1,4.41,25,0,9,0,0,0,32.2,32,16,16,3,9,0,28,6,1,0,145,97,4.11,1.255,8.8,0.8,2.5,7.7,3.11
461,Michael Soroka,25,ATL,NL,RP,2,2,0.5,6.4,7,6,0,0,0,0,32.1,36,23,23,9,12,0,29,4,0,2,145,69,6.56,1.485,10,2.5,3.3,8.1,2.42
462,Allan Winans,27,ATL,NL,RP,1,2,0.333,5.29,6,6,0,0,0,0,32.1,37,19,19,5,8,1,34,2,0,0,141,84,4.09,1.392,10.3,1.4,2.2,9.5,4.25
463,Robert Garcia*,27,TOT,NL,RP,2,2,0.5,3.66,25,0,3,0,0,0,32,26,16,13,3,12,2,33,0,0,2,127,118,3.54,1.188,7.3,0.8,3.4,9.3,2.75
464,Daniel Duarte,26,CIN,NL,RP,3,0,1,3.69,31,0,8,0,0,1,31.2,24,14,13,5,20,0,23,1,0,1,136,125,5.84,1.389,6.8,1.4,5.7,6.5,1.15
465,Carl Edwards Jr.,31,WSN,NL,RP,1,3,0.25,3.69,32,0,3,0,0,2,31.2,31,14,13,1,17,2,24,1,0,2,142,115,3.86,1.516,8.8,0.3,4.8,6.8,1.41
466,Jonathan Hernández,26,TEX,AL,RP,1,2,0.333,5.4,33,0,8,0,0,0,31.2,35,20,19,4,15,1,34,4,0,2,147,79,4.55,1.579,9.9,1.1,4.3,9.7,2.27
467,Trent Thornton,29,TOT,AL,RP,1,2,0.333,2.01,27,1,6,0,0,0,31.1,30,12,7,5,6,0,26,0,0,0,125,205,4.24,1.149,8.6,1.4,1.7,7.5,4.33
468,Luis Frías,25,ARI,NL,RP,1,0,1,4.06,29,0,7,0,0,0,31,30,14,14,3,17,0,26,2,0,1,139,108,4.67,1.516,8.7,0.9,4.9,7.5,1.53
469,Gavin Stone,24,LAD,NL,SP,1,1,0.5,9,8,4,1,0,0,1,31,46,32,31,8,13,0,22,2,0,0,152,49,6.64,1.903,13.4,2.3,3.8,6.4,1.69
470,Spencer Turnbull,30,DET,AL,SP,1,4,0.2,7.26,7,7,0,0,0,0,31,37,26,25,5,15,0,24,3,0,2,145,61,5.55,1.677,10.7,1.5,4.4,7,1.6
471,Kyle Wright,27,ATL,NL,SP,1,3,0.25,6.97,9,7,1,0,0,0,31,40,26,24,5,17,0,34,4,0,2,155,64,5.19,1.839,11.6,1.5,4.9,9.9,2
472,Richard Bleier*,36,BOS,AL,RP,1,0,1,5.28,27,0,3,0,0,0,30.2,37,20,18,5,5,1,16,3,0,3,132,87,5.11,1.37,10.9,1.5,1.5,4.7,3.2
473,Caleb Thielbar*,36,MIN,AL,RP,3,1,0.75,3.23,36,0,4,0,0,0,30.2,23,12,11,7,6,0,36,0,0,1,120,135,4.46,0.946,6.8,2.1,1.8,10.6,6
474,Ryan Thompson,31,TOT,MLB,RP,1,2,0.333,3.82,31,0,5,0,0,1,30.2,20,14,13,3,8,0,21,4,0,2,121,113,4.33,0.913,5.9,0.9,2.3,6.2,2.63
475,Abner Uribe,23,MIL,NL,RP,1,0,1,1.76,32,0,7,0,0,1,30.2,16,8,6,0,20,0,39,1,1,6,127,249,2.77,1.174,4.7,0,5.9,11.4,1.95
476,Jacob deGrom,35,TEX,AL,SP,2,0,1,2.67,6,6,0,0,0,0,30.1,19,11,9,2,4,0,45,0,0,1,115,161,1.54,0.758,5.6,0.6,1.2,13.4,11.25
477,Noah Davis,26,COL,NL,RP,0,4,0,8.7,8,6,1,0,0,0,30,43,30,29,6,15,0,26,4,1,4,146,57,6.02,1.933,12.9,1.8,4.5,7.8,1.73
478,Jay Jackson,35,TOR,AL,RP,3,1,0.75,2.12,25,0,10,0,0,0,29.2,18,8,7,4,9,2,27,1,0,1,116,202,4.2,0.91,5.5,1.2,2.7,8.2,3
479,Connor Brogdon,28,PHI,NL,RP,2,1,0.667,4.03,27,1,3,0,0,0,29,29,14,13,5,13,0,26,1,0,2,127,108,5.15,1.448,9,1.6,4,8.1,2
480,Jimmy Herget,29,LAA,AL,RP,2,4,0.333,4.66,29,1,6,0,0,0,29,33,15,15,7,8,3,26,2,0,0,127,97,5.63,1.414,10.2,2.2,2.5,8.1,3.25
481,Sean Hjelle,26,SFG,NL,RP,2,1,0.667,6.52,15,0,7,0,0,0,29,38,25,21,3,13,1,31,4,0,5,139,65,4.22,1.759,11.8,0.9,4,9.6,2.38
482,Angel Perdomo*,29,PIT,NL,RP,3,2,0.6,3.72,30,0,8,0,0,0,29,21,14,12,3,11,3,44,3,0,0,117,120,3.01,1.103,6.5,0.9,3.4,13.7,4
483,Nick Wittgren,32,KCR,AL,RP,1,0,1,4.97,27,0,14,0,0,0,29,30,17,16,2,11,0,18,3,0,1,128,92,4.36,1.414,9.3,0.6,3.4,5.6,1.64
484,Isaiah Campbell,25,SEA,AL,RP,4,1,0.8,2.83,27,0,9,0,0,1,28.2,22,9,9,2,13,1,33,1,1,2,120,143,3.32,1.221,6.9,0.6,4.1,10.4,2.54
485,Thomas Hatch,28,TOT,MLB,RP,1,1,0.5,4.08,18,2,7,0,0,0,28.2,33,18,13,2,12,1,26,1,0,2,129,110,3.71,1.57,10.4,0.6,3.8,8.2,2.17
486,Keegan Thompson,28,CHC,NL,RP,2,2,0.5,4.71,19,0,5,0,0,1,28.2,20,15,15,2,19,0,26,1,0,2,125,94,4.44,1.36,6.3,0.6,6,8.2,1.37
487,Daniel Palencia,23,CHC,NL,RP,5,3,0.625,4.45,27,0,7,0,0,0,28.1,22,16,14,3,14,0,33,2,0,5,119,100,4,1.271,7,1,4.4,10.5,2.36
488,Justin Bruihl*,26,TOT,NL,RP,1,0,1,5.46,27,0,13,0,0,0,28,28,18,17,2,11,2,22,3,0,2,121,83,4.11,1.393,9,0.6,3.5,7.1,2
489,Jackson Kowar,26,KCR,AL,RP,2,0,1,6.43,23,0,8,0,0,0,28,34,24,20,4,20,0,29,1,0,5,137,71,5.29,1.929,10.9,1.3,6.4,9.3,1.45
490,Tim Herrin*,26,CLE,AL,RP,1,1,0.5,5.53,23,0,6,0,0,0,27.2,29,18,17,3,12,0,32,2,0,2,121,78,3.87,1.482,9.4,1,3.9,10.4,2.67
491,Dinelson Lamet,30,TOT,MLB,RP,1,4,0.2,11.71,17,4,1,0,0,0,27.2,42,38,36,7,23,0,32,1,1,5,145,43,6.83,2.349,13.7,2.3,7.5,10.4,1.39
492,Brock Stewart,31,MIN,AL,RP,2,0,1,0.65,28,0,5,0,0,1,27.2,19,2,2,1,11,3,39,1,0,1,109,673,2.21,1.084,6.2,0.3,3.6,12.7,3.55
493,Andrew Suárez*,30,STL,NL,RP,0,0,,7.16,13,0,6,0,0,0,27.2,33,27,22,7,15,0,17,0,0,2,130,63,6.94,1.735,10.7,2.3,4.9,5.5,1.13
494,Robert Suarez,32,SDP,NL,RP,4,3,0.571,4.23,26,0,5,0,0,0,27.2,15,13,13,4,10,3,24,0,0,0,108,101,4.48,0.904,4.9,1.3,3.3,7.8,2.4
495,Casey Lawrence,35,STL,NL,RP,1,0,1,6.59,15,0,7,0,0,0,27.1,32,20,20,7,10,2,20,2,0,0,122,68,6.44,1.537,10.5,2.3,3.3,6.6,2
496,Slade Cecconi,24,ARI,NL,RP,0,1,0,4.33,7,4,0,0,0,0,27,27,13,13,4,4,0,20,2,0,0,111,101,4.37,1.148,9,1.3,1.3,6.7,5
497,Luis Garcia,26,HOU,AL,RP,2,2,0.5,4,6,6,0,0,0,0,27,25,12,12,3,10,0,31,1,1,0,115,106,3.63,1.296,8.3,1,3.3,10.3,3.1
498,Ray Kerr*,28,SDP,NL,RP,1,1,0.5,4.33,22,0,12,0,0,0,27,25,15,13,5,9,1,35,1,0,1,114,98,4.18,1.259,8.3,1.7,3,11.7,3.89
499,Zach Neal,34,OAK,AL,RP,1,1,0.5,6.67,14,2,10,0,0,0,27,30,22,20,8,14,1,25,2,0,0,124,64,7.03,1.63,10,2.7,4.7,8.3,1.79
500,Joe Jacques*,28,BOS,AL,RP,2,1,0.667,5.06,23,1,7,0,0,1,26.2,32,17,15,2,10,2,20,6,0,1,122,91,4.53,1.575,10.8,0.7,3.4,6.8,2
500,Joe Jacques*,28,BOS,AL,RP,2,1,0.667,5.06,23,1,7,0,0,1,26.2,32,17,15,2,10,2,20,6,0,1,122,91,4.53,1.575,10.8,0.7,3.4,6.8,2
501,Mike Mayers,31,KCR,AL,RP,1,2,0.333,6.15,6,2,0,0,0,0,26.1,34,19,18,4,10,0,17,0,0,2,119,74,5.08,1.671,11.6,1.4,3.4,5.8,1.7
502,Luis Cessa,31,CIN,NL,RP,1,4,0.2,9,7,6,0,0,0,0,26,46,26,26,3,12,0,11,1,0,2,132,51,5.41,2.231,15.9,1,4.2,3.8,0.92
503,Calvin Faucher,27,TBR,AL,RP,1,1,0.5,7.01,17,4,3,0,0,0,25.2,31,20,20,4,12,0,25,1,0,4,120,59,4.85,1.675,10.9,1.4,4.2,8.8,2.08
504,Brent Headrick*,25,MIN,AL,RP,3,0,1,6.31,14,0,5,0,0,1,25.2,27,18,18,7,10,0,30,4,0,1,117,69,6.1,1.442,9.5,2.5,3.5,10.5,3
505,Tyler Mahle,28,MIN,AL,RP,1,2,0.333,3.16,5,5,0,0,0,0,25.2,22,11,9,5,5,0,28,0,0,0,102,139,4.19,1.052,7.7,1.8,1.8,9.8,5.6
506,Stephen Nogosek,28,NYM,NL,RP,0,1,0,5.61,13,0,1,0,0,0,25.2,28,16,16,6,14,0,25,2,0,2,118,75,6.22,1.636,9.8,2.1,4.9,8.8,1.79
507,AJ Smith-Shawver,20,ATL,NL,RP,1,0,1,4.26,6,5,0,0,0,0,25.1,17,14,12,7,11,0,20,1,0,3,105,104,6.69,1.105,6,2.5,3.9,7.1,1.82
508,Andrew Bellatti,31,PHI,NL,RP,1,0,1,5.11,27,0,4,0,0,0,24.2,25,15,14,4,12,0,25,0,0,0,113,85,4.8,1.5,9.1,1.5,4.4,9.1,2.08
509,Jordan Balazovic,24,MIN,AL,RP,1,0,1,4.44,18,0,5,0,0,0,24.1,26,13,12,5,12,0,17,0,0,3,108,99,6.01,1.562,9.6,1.8,4.4,6.3,1.42
510,Matt Carasiti,31,COL,NL,RP,1,0,1,6.29,16,0,2,0,0,1,24.1,28,19,17,3,11,0,16,1,0,1,110,79,5.02,1.603,10.4,1.1,4.1,5.9,1.45
511,Yerry De Los Santos,25,PIT,NL,RP,1,1,0.5,3.33,22,0,8,0,0,0,24.1,17,10,9,1,13,3,18,1,0,0,104,135,4.04,1.233,6.3,0.4,4.8,6.7,1.38
512,Amir Garrett*,31,KCR,AL,RP,0,1,0,3.33,27,0,3,0,0,0,24.1,22,11,9,4,20,0,28,0,0,1,112,137,5.56,1.726,8.1,1.5,7.4,10.4,1.4
513,Kevin Herget,32,CIN,NL,RP,1,2,0.333,5.18,14,0,7,0,0,1,24.1,26,14,14,4,6,1,13,2,1,1,105,89,5.31,1.315,9.6,1.5,2.2,4.8,2.17
514,Duane Underwood Jr.,28,PIT,NL,RP,1,0,1,5.18,20,0,9,0,0,2,24.1,24,14,14,3,11,0,14,0,0,0,100,87,5.06,1.438,8.9,1.1,4.1,5.2,1.27
515,Amos Willingham,24,WSN,NL,RP,0,2,0,6.66,18,0,5,0,0,0,24.1,35,18,18,8,9,2,15,1,0,0,116,64,7.53,1.808,12.9,3,3.3,5.5,1.67
516,Colin Selby,25,PIT,NL,RP,2,2,0.5,9,21,5,3,0,0,0,24,29,24,24,4,15,1,30,0,0,3,114,50,4.8,1.833,10.9,1.5,5.6,11.3,2
517,Keegan Akin*,28,BAL,AL,RP,2,2,0.5,6.85,24,1,7,0,0,0,23.2,35,22,18,2,7,2,27,0,0,2,112,60,2.96,1.775,13.3,0.8,2.7,10.3,3.86
518,Tommy Doyle,27,COL,NL,RP,0,1,0,6.85,15,0,1,0,0,0,23.2,23,18,18,5,13,0,18,0,0,3,103,73,6.13,1.521,8.7,1.9,4.9,6.8,1.38
519,Tommy Hunter,36,NYM,NL,RP,0,1,0,6.85,14,0,6,0,0,0,23.2,28,20,18,6,5,0,20,2,0,0,106,62,5.75,1.394,10.6,2.3,1.9,7.6,4
520,Bryce Jarvis,25,ARI,NL,RP,2,1,0.667,3.04,11,1,2,0,0,0,23.2,14,9,8,3,9,0,12,0,0,0,92,145,5.03,0.972,5.3,1.1,3.4,4.6,1.33
521,Dylan Lee*,28,ATL,NL,RP,1,0,1,4.18,24,1,2,0,0,0,23.2,24,14,11,4,8,0,24,0,0,0,101,106,4.44,1.352,9.1,1.5,3,9.1,3
522,John Means*,30,BAL,AL,SP,1,2,0.333,2.66,4,4,0,0,0,0,23.2,13,7,7,4,4,0,10,1,0,0,88,155,5.24,0.718,4.9,1.5,1.5,3.8,2.5
523,Dany Jiménez,29,OAK,AL,RP,0,2,0,3.47,25,1,6,0,0,1,23.1,11,9,9,3,14,1,21,0,0,2,94,123,4.93,1.071,4.2,1.2,5.4,8.1,1.5
524,Richard Lovelady*,27,OAK,AL,RP,0,3,0,4.63,27,0,3,0,0,0,23.1,15,13,12,3,10,0,24,3,0,0,96,92,4.54,1.071,5.8,1.2,3.9,9.3,2.4
525,James McArthur,26,KCR,AL,RP,1,0,1,4.63,18,2,6,0,0,4,23.1,20,12,12,2,2,0,23,1,0,1,90,99,2.78,0.943,7.7,0.8,0.8,8.9,11.5
526,Kaleb Ort,31,BOS,AL,RP,1,2,0.333,6.26,21,2,7,0,0,0,23,27,19,16,6,9,1,24,1,0,2,107,74,5.86,1.565,10.6,2.3,3.5,9.4,2.67
527,Brandon Walter*,26,BOS,AL,RP,0,0,,6.26,9,0,4,0,0,1,23,32,17,16,3,7,0,16,1,0,1,106,74,4.6,1.696,12.5,1.2,2.7,6.3,2.29
528,Nick Robertson,24,TOT,MLB,RP,0,1,0,6.04,18,1,6,0,0,0,22.1,30,19,15,3,9,2,26,0,0,0,106,76,3.88,1.746,12.1,1.2,3.6,10.5,2.89
529,Devin Smeltzer*,27,MIA,NL,RP,0,1,0,6.45,9,1,5,0,0,0,22.1,29,18,16,7,4,0,16,4,0,1,100,73,6.97,1.478,11.7,2.8,1.6,6.4,4
530,Luis Patiño,23,TOT,AL,RP,0,1,0,4.57,9,1,2,0,0,0,21.2,21,12,11,3,14,0,18,0,0,2,99,98,5.33,1.615,8.7,1.2,5.8,7.5,1.29
531,Cole Sands,25,MIN,AL,RP,0,0,,3.74,15,0,12,0,0,0,21.2,20,10,9,4,13,0,21,0,0,3,98,118,5.52,1.523,8.3,1.7,5.4,8.7,1.62
532,Matt Barnes,33,MIA,NL,RP,1,0,1,5.48,24,1,3,0,0,0,21.1,25,13,13,2,10,1,20,1,1,2,99,86,4.15,1.641,10.5,0.8,4.2,8.4,2
533,Cody Bolton,25,PIT,NL,RP,1,0,1,6.33,16,0,5,0,0,0,21.1,30,15,15,3,15,0,22,1,0,0,107,71,5.27,2.109,12.7,1.3,6.3,9.3,1.47
534,Zach Plesac,28,CLE,AL,RP,1,1,0.5,7.59,5,5,0,0,0,0,21.1,37,20,18,3,5,0,14,0,0,0,105,57,4.47,1.969,15.6,1.3,2.1,5.9,2.8
535,Drew Carlton,27,SDP,NL,RP,2,1,0.667,4.35,11,0,1,0,0,0,20.2,18,12,10,2,6,0,18,1,0,1,85,98,3.79,1.161,7.8,0.9,2.6,7.8,3
536,Adam Cimber,32,TOR,AL,RP,0,2,0,7.4,22,0,6,0,0,1,20.2,25,18,17,6,7,0,12,4,0,0,95,58,7.46,1.548,10.9,2.6,3,5.2,1.71
537,Connor Phillips,22,CIN,NL,RP,1,1,0.5,6.97,5,5,0,0,0,0,20.2,18,16,16,5,13,0,26,1,0,2,96,66,5.92,1.5,7.8,2.2,5.7,11.3,2
538,Rob Zastryzny*,31,PIT,NL,RP,1,0,1,4.79,21,1,2,0,0,0,20.2,24,15,11,1,13,1,15,0,0,2,97,94,4.32,1.79,10.5,0.4,5.7,6.5,1.15
539,Max Castillo,24,KCR,AL,RP,0,1,0,4.43,7,0,2,0,0,0,20.1,20,10,10,2,9,1,10,3,0,0,89,103,5.32,1.426,8.9,0.9,4,4.4,1.11
540,Collin Snider,27,KCR,AL,RP,0,0,,4.87,20,1,2,0,0,1,20.1,24,12,11,3,13,0,11,0,0,0,95,94,6.01,1.82,10.6,1.3,5.8,4.9,0.85
541,Gus Varland,26,TOT,NL,RP,1,1,0.5,6.64,16,0,5,0,0,0,20.1,27,18,15,3,16,1,20,1,0,2,103,68,5.71,2.115,12,1.3,7.1,8.9,1.25
542,Darius Vines,25,ATL,NL,RP,1,0,1,3.98,5,2,0,0,0,0,20.1,15,10,9,3,7,0,14,1,0,0,84,112,4.98,1.082,6.6,1.3,3.1,6.2,2
543,Anthony Bass,35,TOR,AL,RP,0,0,,4.95,22,0,7,0,0,0,20,19,12,11,3,9,2,19,0,0,1,88,87,4.66,1.4,8.6,1.4,4.1,8.6,2.11
544,Brad Boxberger,35,CHC,NL,RP,0,1,0,4.95,22,0,6,0,0,2,20,15,11,11,3,11,1,17,1,0,0,84,90,5.31,1.3,6.8,1.4,5,7.7,1.55
545,Sawyer Gipson-Long,25,DET,AL,RP,1,0,1,2.7,4,4,0,0,0,0,20,14,7,6,2,8,0,26,0,0,0,82,165,3.16,1.1,6.3,0.9,3.6,11.7,3.25
546,Germán Márquez,28,COL,NL,RP,2,2,0.5,4.95,4,4,0,0,0,0,20,19,11,11,4,3,0,17,0,1,0,80,101,4.61,1.1,8.6,1.8,1.4,7.7,5.67
547,Sammy Peralta*,25,CHW,AL,RP,2,0,1,4.05,16,0,7,0,0,0,20,19,11,9,2,11,0,18,0,0,0,90,111,4.41,1.5,8.6,0.9,5,8.1,1.64
548,Lane Ramsey,26,CHW,AL,RP,1,0,1,5.85,21,0,7,0,0,0,20,25,13,13,1,9,0,18,0,0,3,92,77,3.46,1.7,11.3,0.5,4.1,8.1,2
549,Jackson Rutledge,24,WSN,NL,RP,1,1,0.5,6.75,4,4,0,0,0,0,20,24,15,15,4,6,0,12,2,0,1,88,63,5.86,1.5,10.8,1.8,2.7,5.4,2
550,Josh Staumont,29,KCR,AL,RP,0,0,,5.4,21,1,5,0,0,0,20,16,12,12,1,13,0,24,2,0,3,89,85,3.76,1.45,7.2,0.5,5.9,10.8,1.85
551,Greg Weissert,28,NYY,AL,RP,0,0,,4.05,17,0,6,0,0,0,20,21,9,9,3,8,0,22,1,1,1,87,109,4.36,1.45,9.5,1.4,3.6,9.9,2.75